logf, logr, word
7.496097, 0.000000, "the"
6.814543, 0.693147, "and"
6.685861, 1.098612, "to"
6.527958, 1.386294, "a"
6.432940, 1.609438, "of"
6.287859, 1.791759, "she"
6.287859, 1.791759, "it"
6.135565, 1.945910, "said"
6.059123, 2.079442, "you"
6.052089, 2.197225, "in"
5.991465, 2.302585, "i"
5.953243, 2.397895, "alice"
5.880533, 2.484907, "was"
5.673323, 2.564949, "that"
5.605802, 2.639057, "as"
5.513429, 2.708050, "her"
5.420535, 2.772589, "with"
5.402677, 2.833213, "at"
5.318120, 2.890372, "on"
5.283204, 2.944439, "all"
5.181784, 2.995732, "this"
5.181784, 2.995732, "had"
5.181784, 2.995732, "for"
5.129899, 3.044522, "but"
5.105945, 3.091042, "not"
5.105945, 3.091042, "be"
5.023881, 3.135494, "or"
5.017280, 3.178054, "so"
4.976734, 3.218876, "very"
4.919981, 3.258097, "what"
4.867534, 3.295837, "they"
4.852030, 3.332205, "little"
4.844187, 3.367296, "is"
4.804021, 3.401197, "he"
4.762174, 3.433987, "its"
4.736198, 3.465736, "out"
4.736198, 3.465736, "if"
4.624973, 3.496508, "one"
4.624973, 3.496508, "about"
4.615121, 3.526361, "up"
4.615121, 3.526361, "down"
4.584967, 3.555348, "do"
4.564348, 3.583519, "his"
4.553877, 3.610918, "no"
4.499810, 3.637586, "then"
4.465908, 3.663562, "were"
4.465908, 3.663562, "know"
4.442651, 3.688879, "like"
4.442651, 3.688879, "have"
4.430817, 3.713572, "them"
4.430817, 3.713572, "project"
4.418841, 3.737670, "would"
4.418841, 3.737670, "went"
4.418841, 3.737670, "herself"
4.406719, 3.761200, "again"
4.382027, 3.784190, "when"
4.356709, 3.806662, "could"
4.343805, 3.828641, "there"
4.330733, 3.850148, "any"
4.317488, 3.871201, "by"
4.304065, 3.891820, "thought"
4.290459, 3.912023, "off"
4.290459, 3.912023, ""
4.276666, 3.931826, "are"
4.262680, 3.951244, "your"
4.234107, 3.970292, "see"
4.219508, 3.988984, "time"
4.219508, 3.988984, "queen"
4.219508, 3.988984, "me"
4.219508, 3.988984, "how"
4.204693, 4.007333, "into"
4.158883, 4.025352, "who"
4.127134, 4.043051, "did"
4.110874, 4.060443, "king"
4.110874, 4.060443, "an"
4.094345, 4.077537, "well"
4.094345, 4.077537, "dont"
4.060443, 4.094345, "my"
4.060443, 4.094345, "began"
4.043051, 4.110874, "now"
4.043051, 4.110874, "im"
4.025352, 4.127134, "which"
4.025352, 4.127134, "turtle"
4.025352, 4.127134, "mock"
4.025352, 4.127134, "gutenbergtm"
4.007333, 4.143135, "quite"
4.007333, 4.143135, "hatter"
4.007333, 4.143135, "gryphon"
3.988984, 4.158883, "way"
3.988984, 4.158883, "must"
3.970292, 4.174387, "work"
3.970292, 4.174387, "think"
3.970292, 4.174387, "other"
3.951244, 4.189655, "their"
3.951244, 4.189655, "some"
3.951244, 4.189655, "much"
3.931826, 4.204693, "only"
3.931826, 4.204693, "just"
3.931826, 4.204693, "from"
3.912023, 4.219508, "say"
3.912023, 4.219508, "go"
3.891820, 4.234107, "thing"
3.891820, 4.234107, "more"
3.891820, 4.234107, "first"
3.871201, 4.248495, "here"
3.871201, 4.248495, "head"
3.850148, 4.262680, "voice"
3.850148, 4.262680, "such"
3.828641, 4.276666, "get"
3.828641, 4.276666, "come"
3.806662, 4.290459, "never"
3.806662, 4.290459, "looked"
3.806662, 4.290459, "got"
3.784190, 4.304065, "can"
3.761200, 4.317488, "rabbit"
3.737670, 4.330733, "after"
3.713572, 4.343805, "round"
3.713572, 4.343805, "him"
3.688879, 4.356709, "tone"
3.688879, 4.356709, "over"
3.688879, 4.356709, "came"
3.663562, 4.369448, "why"
3.663562, 4.369448, "two"
3.663562, 4.369448, "great"
3.663562, 4.369448, "duchess"
3.663562, 4.369448, "dormouse"
3.663562, 4.369448, "before"
3.637586, 4.382027, "will"
3.637586, 4.382027, "we"
3.637586, 4.382027, "oh"
3.637586, 4.382027, "mouse"
3.637586, 4.382027, "been"
3.637586, 4.382027, "back"
3.555348, 4.394449, "right"
3.555348, 4.394449, "found"
3.555348, 4.394449, "cat"
3.526361, 4.406719, "nothing"
3.526361, 4.406719, "ive"
3.496508, 4.418841, "works"
3.496508, 4.418841, "without"
3.496508, 4.418841, "thats"
3.496508, 4.418841, "march"
3.496508, 4.418841, "long"
3.496508, 4.418841, "last"
3.496508, 4.418841, "large"
3.496508, 4.418841, "ill"
3.465736, 4.430817, "once"
3.433987, 4.442651, "tell"
3.433987, 4.442651, "put"
3.433987, 4.442651, "hare"
3.401197, 4.454347, "white"
3.401197, 4.454347, "things"
3.401197, 4.454347, "next"
3.401197, 4.454347, "made"
3.401197, 4.454347, "looking"
3.401197, 4.454347, "heard"
3.367296, 4.465908, "should"
3.367296, 4.465908, "replied"
3.367296, 4.465908, "moment"
3.367296, 4.465908, "make"
3.367296, 4.465908, "door"
3.367296, 4.465908, "dear"
3.332205, 4.477337, "use"
3.332205, 4.477337, "upon"
3.332205, 4.477337, "might"
3.332205, 4.477337, "look"
3.332205, 4.477337, "cant"
3.295837, 4.488636, "shall"
3.295837, 4.488636, "seemed"
3.295837, 4.488636, "poor"
3.295837, 4.488636, "may"
3.295837, 4.488636, "going"
3.295837, 4.488636, "eyes"
3.295837, 4.488636, "electronic"
3.295837, 4.488636, "caterpillar"
3.258097, 4.499810, "too"
3.258097, 4.499810, "three"
3.258097, 4.499810, "than"
3.258097, 4.499810, "gutenberg"
3.258097, 4.499810, "away"
3.218876, 4.510860, "while"
3.218876, 4.510860, "soon"
3.218876, 4.510860, "same"
3.218876, 4.510860, "rather"
3.218876, 4.510860, "day"
3.218876, 4.510860, "course"
3.178054, 4.521789, "wont"
3.178054, 4.521789, "took"
3.178054, 4.521789, "theres"
3.178054, 4.521789, "sure"
3.178054, 4.521789, "good"
3.135494, 4.532599, "youre"
3.135494, 4.532599, "felt"
3.135494, 4.532599, "added"
3.091042, 4.543295, "yet"
3.091042, 4.543295, "wish"
3.091042, 4.543295, "set"
3.091042, 4.543295, "please"
3.091042, 4.543295, "getting"
3.091042, 4.543295, "foundation"
3.091042, 4.543295, "another"
3.044522, 4.553877, "words"
3.044522, 4.553877, "under"
3.044522, 4.553877, "till"
3.044522, 4.553877, "terms"
3.044522, 4.553877, "take"
3.044522, 4.553877, "old"
3.044522, 4.553877, "minute"
3.044522, 4.553877, "however"
3.044522, 4.553877, "half"
3.044522, 4.553877, "find"
3.044522, 4.553877, "ever"
3.044522, 4.553877, "even"
3.044522, 4.553877, "anything"
2.995732, 4.564348, "sort"
2.995732, 4.564348, "hand"
2.995732, 4.564348, "end"
2.995732, 4.564348, "cried"
2.944439, 4.574711, "tried"
2.944439, 4.574711, "full"
2.944439, 4.574711, "feet"
2.944439, 4.574711, "curious"
2.944439, 4.574711, "being"
2.890372, 4.584967, "wonder"
2.890372, 4.584967, "us"
2.890372, 4.584967, "table"
2.890372, 4.584967, "soup"
2.890372, 4.584967, "something"
2.890372, 4.584967, "house"
2.890372, 4.584967, "eat"
2.890372, 4.584967, "court"
2.890372, 4.584967, "agreement"
2.833213, 4.595120, "these"
2.833213, 4.595120, "talking"
2.833213, 4.595120, "side"
2.833213, 4.595120, "sat"
2.833213, 4.595120, "question"
2.833213, 4.595120, "perhaps"
2.833213, 4.595120, "let"
2.833213, 4.595120, "jury"
2.833213, 4.595120, "enough"
2.833213, 4.595120, "asked"
2.772589, 4.605170, "where"
2.772589, 4.605170, "turned"
2.772589, 4.605170, "through"
2.772589, 4.605170, "spoke"
2.772589, 4.605170, "ran"
2.772589, 4.605170, "people"
2.772589, 4.605170, "indeed"
2.772589, 4.605170, "high"
2.772589, 4.605170, "hastily"
2.772589, 4.605170, "doesnt"
2.772589, 4.605170, "both"
2.772589, 4.605170, "bit"
2.772589, 4.605170, "because"
2.708050, 4.615121, "used"
2.708050, 4.615121, "states"
2.708050, 4.615121, "saying"
2.708050, 4.615121, "near"
2.708050, 4.615121, "idea"
2.708050, 4.615121, "hear"
2.708050, 4.615121, "give"
2.708050, 4.615121, "gave"
2.708050, 4.615121, "garden"
2.708050, 4.615121, "done"
2.708050, 4.615121, "donations"
2.708050, 4.615121, "change"
2.708050, 4.615121, "cats"
2.708050, 4.615121, "called"
2.708050, 4.615121, "am"
2.639057, 4.624973, "trying"
2.639057, 4.624973, "talk"
2.639057, 4.624973, "suppose"
2.639057, 4.624973, "speak"
2.639057, 4.624973, "silence"
2.639057, 4.624973, "seen"
2.639057, 4.624973, "saw"
2.639057, 4.624973, "remember"
2.639057, 4.624973, "read"
2.639057, 4.624973, "ought"
2.639057, 4.624973, "many"
2.639057, 4.624973, "mad"
2.639057, 4.624973, "low"
2.639057, 4.624973, "license"
2.639057, 4.624973, "left"
2.639057, 4.624973, "knew"
2.639057, 4.624973, "itself"
2.639057, 4.624973, "face"
2.639057, 4.624973, "didnt"
2.639057, 4.624973, "certainly"
2.639057, 4.624973, "better"
2.639057, 4.624973, "beginning"
2.639057, 4.624973, "beautiful"
2.639057, 4.624973, "anxiously"
2.639057, 4.624973, "alices"
2.639057, 4.624973, "air"
2.564949, 4.634729, "yes"
2.564949, 4.634729, "wouldnt"
2.564949, 4.634729, "whole"
2.564949, 4.634729, "theyre"
2.564949, 4.634729, "suddenly"
2.564949, 4.634729, "still"
2.564949, 4.634729, "size"
2.564949, 4.634729, "sea"
2.564949, 4.634729, "room"
2.564949, 4.634729, "really"
2.564949, 4.634729, "nearly"
2.564949, 4.634729, "literary"
2.564949, 4.634729, "kept"
2.564949, 4.634729, "keep"
2.564949, 4.634729, "grow"
2.564949, 4.634729, "gone"
2.564949, 4.634729, "far"
2.564949, 4.634729, "dodo"
2.564949, 4.634729, "dance"
2.564949, 4.634729, "copyright"
2.564949, 4.634729, "cook"
2.564949, 4.634729, "close"
2.564949, 4.634729, "behind"
2.564949, 4.634729, "begin"
2.564949, 4.634729, "archive"
2.484907, 4.644391, "turning"
2.484907, 4.644391, "try"
2.484907, 4.644391, "tea"
2.484907, 4.644391, "small"
2.484907, 4.644391, "pigeon"
2.484907, 4.644391, "our"
2.484907, 4.644391, "makes"
2.484907, 4.644391, "majesty"
2.484907, 4.644391, "life"
2.484907, 4.644391, "help"
2.484907, 4.644391, "hardly"
2.484907, 4.644391, "hands"
2.484907, 4.644391, "game"
2.484907, 4.644391, "finished"
2.484907, 4.644391, "every"
2.484907, 4.644391, "deal"
2.484907, 4.644391, "chapter"
2.484907, 4.644391, "bill"
2.484907, 4.644391, "best"
2.484907, 4.644391, "baby"
2.484907, 4.644391, "arm"
2.484907, 4.644391, "among"
2.484907, 4.644391, "always"
2.484907, 4.644391, "afraid"
2.397895, 4.653960, "word"
2.397895, 4.653960, "whether"
2.397895, 4.653960, "wasnt"
2.397895, 4.653960, "waited"
2.397895, 4.653960, "though"
2.397895, 4.653960, "those"
2.397895, 4.653960, "thinking"
2.397895, 4.653960, "tears"
2.397895, 4.653960, "paragraph"
2.397895, 4.653960, "name"
2.397895, 4.653960, "most"
2.397895, 4.653960, "minutes"
2.397895, 4.653960, "id"
2.397895, 4.653960, "hurry"
2.397895, 4.653960, "hurried"
2.397895, 4.653960, "heads"
2.397895, 4.653960, "growing"
2.397895, 4.653960, "glad"
2.397895, 4.653960, "either"
2.397895, 4.653960, "does"
2.397895, 4.653960, "dinah"
2.397895, 4.653960, "copy"
2.397895, 4.653960, "ask"
2.397895, 4.653960, "agree"
2.302585, 4.663439, "yourself"
2.302585, 4.663439, "youd"
2.302585, 4.663439, "witness"
2.302585, 4.663439, "walked"
2.302585, 4.663439, "united"
2.302585, 4.663439, "turn"
2.302585, 4.663439, "trademark"
2.302585, 4.663439, "soldiers"
2.302585, 4.663439, "sitting"
2.302585, 4.663439, "sight"
2.302585, 4.663439, "rest"
2.302585, 4.663439, "repeated"
2.302585, 4.663439, "remarked"
2.302585, 4.663439, "remark"
2.302585, 4.663439, "refund"
2.302585, 4.663439, "queer"
2.302585, 4.663439, "pool"
2.302585, 4.663439, "own"
2.302585, 4.663439, "opened"
2.302585, 4.663439, "offended"
2.302585, 4.663439, "mouth"
2.302585, 4.663439, "mind"
2.302585, 4.663439, "mean"
2.302585, 4.663439, "lessons"
2.302585, 4.663439, "hold"
2.302585, 4.663439, "having"
2.302585, 4.663439, "gloves"
2.302585, 4.663439, "footman"
2.302585, 4.663439, "foot"
2.302585, 4.663439, "few"
2.302585, 4.663439, "fan"
2.302585, 4.663439, "explain"
2.302585, 4.663439, "everything"
2.302585, 4.663439, "else"
2.302585, 4.663439, "different"
2.302585, 4.663439, "creatures"
2.302585, 4.663439, "conversation"
2.302585, 4.663439, "children"
2.302585, 4.663439, "child"
2.302585, 4.663439, "bottle"
2.302585, 4.663439, "against"
2.302585, 4.663439, "access"
2.197225, 4.672829, "written"
2.197225, 4.672829, "want"
2.197225, 4.672829, "waiting"
2.197225, 4.672829, "together"
2.197225, 4.672829, "timidly"
2.197225, 4.672829, "tail"
2.197225, 4.672829, "shouted"
2.197225, 4.672829, "shook"
2.197225, 4.672829, "serpent"
2.197225, 4.672829, "reason"
2.197225, 4.672829, "rate"
2.197225, 4.672829, "puzzled"
2.197225, 4.672829, "public"
2.197225, 4.672829, "place"
2.197225, 4.672829, "party"
2.197225, 4.672829, "opportunity"
2.197225, 4.672829, "matter"
2.197225, 4.672829, "leave"
2.197225, 4.672829, "knave"
2.197225, 4.672829, "key"
2.197225, 4.672829, "join"
2.197225, 4.672829, "interrupted"
2.197225, 4.672829, "has"
2.197225, 4.672829, "hall"
2.197225, 4.672829, "glass"
2.197225, 4.672829, "each"
2.197225, 4.672829, "couldnt"
2.197225, 4.672829, "continued"
2.197225, 4.672829, "coming"
2.197225, 4.672829, "call"
2.197225, 4.672829, "birds"
2.197225, 4.672829, "believe"
2.197225, 4.672829, "answer"
2.197225, 4.672829, "angrily"
2.079442, 4.682131, "window"
2.079442, 4.682131, "whiting"
2.079442, 4.682131, "watch"
2.079442, 4.682131, "twinkle"
2.079442, 4.682131, "top"
2.079442, 4.682131, "story"
2.079442, 4.682131, "slowly"
2.079442, 4.682131, "sit"
2.079442, 4.682131, "sister"
2.079442, 4.682131, "sentence"
2.079442, 4.682131, "seem"
2.079442, 4.682131, "running"
2.079442, 4.682131, "ready"
2.079442, 4.682131, "queens"
2.079442, 4.682131, "play"
2.079442, 4.682131, "pig"
2.079442, 4.682131, "person"
2.079442, 4.682131, "others"
2.079442, 4.682131, "number"
2.079442, 4.682131, "noticed"
2.079442, 4.682131, "notice"
2.079442, 4.682131, "nose"
2.079442, 4.682131, "nobody"
2.079442, 4.682131, "new"
2.079442, 4.682131, "mushroom"
2.079442, 4.682131, "moral"
2.079442, 4.682131, "mine"
2.079442, 4.682131, "meaning"
2.079442, 4.682131, "marked"
2.079442, 4.682131, "making"
2.079442, 4.682131, "lying"
2.079442, 4.682131, "live"
2.079442, 4.682131, "least"
2.079442, 4.682131, "learn"
2.079442, 4.682131, "laws"
2.079442, 4.682131, "kind"
2.079442, 4.682131, "itll"
2.079442, 4.682131, "information"
2.079442, 4.682131, "including"
2.079442, 4.682131, "hearts"
2.079442, 4.682131, "havent"
2.079442, 4.682131, "hard"
2.079442, 4.682131, "happen"
2.079442, 4.682131, "hadnt"
2.079442, 4.682131, "gardeners"
2.079442, 4.682131, "free"
2.079442, 4.682131, "forth"
2.079442, 4.682131, "followed"
2.079442, 4.682131, "five"
2.079442, 4.682131, "feel"
2.079442, 4.682131, "fee"
2.079442, 4.682131, "fact"
2.079442, 4.682131, "exactly"
2.079442, 4.682131, "everybody"
2.079442, 4.682131, "eagerly"
2.079442, 4.682131, "dry"
2.079442, 4.682131, "domain"
2.079442, 4.682131, "days"
2.079442, 4.682131, "changed"
2.079442, 4.682131, "business"
2.079442, 4.682131, "beg"
2.079442, 4.682131, "associated"
2.079442, 4.682131, "asleep"
2.079442, 4.682131, "appeared"
2.079442, 4.682131, "adventures"
1.945910, 4.691348, "writing"
1.945910, 4.691348, "world"
1.945910, 4.691348, "wood"
1.945910, 4.691348, "wondering"
1.945910, 4.691348, "william"
1.945910, 4.691348, "understand"
1.945910, 4.691348, "trial"
1.945910, 4.691348, "trees"
1.945910, 4.691348, "tired"
1.945910, 4.691348, "tarts"
1.945910, 4.691348, "surprised"
1.945910, 4.691348, "subject"
1.945910, 4.691348, "stood"
1.945910, 4.691348, "soooop"
1.945910, 4.691348, "song"
1.945910, 4.691348, "somebody"
1.945910, 4.691348, "slates"
1.945910, 4.691348, "sir"
1.945910, 4.691348, "silent"
1.945910, 4.691348, "shoes"
1.945910, 4.691348, "shes"
1.945910, 4.691348, "section"
1.945910, 4.691348, "repeat"
1.945910, 4.691348, "provide"
1.945910, 4.691348, "pleased"
1.945910, 4.691348, "permission"
1.945910, 4.691348, "pepper"
1.945910, 4.691348, "outside"
1.945910, 4.691348, "open"
1.945910, 4.691348, "nonsense"
1.945910, 4.691348, "neck"
1.945910, 4.691348, "myself"
1.945910, 4.691348, "middle"
1.945910, 4.691348, "means"
1.945910, 4.691348, "manage"
1.945910, 4.691348, "lory"
1.945910, 4.691348, "lobsters"
1.945910, 4.691348, "lobster"
1.945910, 4.691348, "listen"
1.945910, 4.691348, "larger"
1.945910, 4.691348, "isnt"
1.945910, 4.691348, "history"
1.945910, 4.691348, "hedgehog"
1.945910, 4.691348, "happened"
1.945910, 4.691348, "hair"
1.945910, 4.691348, "grown"
1.945910, 4.691348, "golden"
1.945910, 4.691348, "goes"
1.945910, 4.691348, "generally"
1.945910, 4.691348, "frightened"
1.945910, 4.691348, "fetch"
1.945910, 4.691348, "feeling"
1.945910, 4.691348, "fall"
1.945910, 4.691348, "eye"
1.945910, 4.691348, "except"
1.945910, 4.691348, "evidence"
1.945910, 4.691348, "ebooks"
1.945910, 4.691348, "drink"
1.945910, 4.691348, "dream"
1.945910, 4.691348, "draw"
1.945910, 4.691348, "distributing"
1.945910, 4.691348, "distance"
1.945910, 4.691348, "deep"
1.945910, 4.691348, "copies"
1.945910, 4.691348, "chin"
1.945910, 4.691348, "cheshire"
1.945910, 4.691348, "bright"
1.945910, 4.691348, "book"
1.945910, 4.691348, "begun"
1.945910, 4.691348, "almost"
1.791759, 4.700480, "youve"
1.791759, 4.700480, "youth"
1.791759, 4.700480, "youll"
1.791759, 4.700480, "write"
1.791759, 4.700480, "wow"
1.791759, 4.700480, "web"
1.791759, 4.700480, "volunteers"
1.791759, 4.700480, "using"
1.791759, 4.700480, "unless"
1.791759, 4.700480, "trouble"
1.791759, 4.700480, "trembling"
1.791759, 4.700480, "told"
1.791759, 4.700480, "times"
1.791759, 4.700480, "ten"
1.791759, 4.700480, "tax"
1.791759, 4.700480, "stupid"
1.791759, 4.700480, "stop"
1.791759, 4.700480, "state"
1.791759, 4.700480, "stand"
1.791759, 4.700480, "sneezing"
1.791759, 4.700480, "sleep"
1.791759, 4.700480, "sing"
1.791759, 4.700480, "sharp"
1.791759, 4.700480, "shant"
1.791759, 4.700480, "seven"
1.791759, 4.700480, "second"
1.791759, 4.700480, "roof"
1.791759, 4.700480, "received"
1.791759, 4.700480, "puppy"
1.791759, 4.700480, "politely"
1.791759, 4.700480, "part"
1.791759, 4.700480, "pardon"
1.791759, 4.700480, "paid"
1.791759, 4.700480, "often"
1.791759, 4.700480, "nice"
1.791759, 4.700480, "melancholy"
1.791759, 4.700480, "loud"
1.791759, 4.700480, "liked"
1.791759, 4.700480, "leaves"
1.791759, 4.700480, "late"
1.791759, 4.700480, "jumped"
1.791759, 4.700480, "inches"
1.791759, 4.700480, "important"
1.791759, 4.700480, "himself"
1.791759, 4.700480, "grin"
1.791759, 4.700480, "general"
1.791759, 4.700480, "four"
1.791759, 4.700480, "forgotten"
1.791759, 4.700480, "fell"
1.791759, 4.700480, "father"
1.791759, 4.700480, "executed"
1.791759, 4.700480, "exclaimed"
1.791759, 4.700480, "english"
1.791759, 4.700480, "editions"
1.791759, 4.700480, "ear"
1.791759, 4.700480, "dreadfully"
1.791759, 4.700480, "distribution"
1.791759, 4.700480, "distribute"
1.791759, 4.700480, "croquet"
1.791759, 4.700480, "comply"
1.791759, 4.700480, "chorus"
1.791759, 4.700480, "charge"
1.791759, 4.700480, "broken"
1.791759, 4.700480, "breadandbutter"
1.791759, 4.700480, "between"
1.791759, 4.700480, "below"
1.791759, 4.700480, "arms"
1.609438, 4.709530, "young"
1.609438, 4.709530, "wrong"
1.609438, 4.709530, "wonderland"
1.609438, 4.709530, "within"
1.609438, 4.709530, "whispered"
1.609438, 4.709530, "whats"
1.609438, 4.709530, "waving"
1.609438, 4.709530, "walking"
1.609438, 4.709530, "walk"
1.609438, 4.709530, "usual"
1.609438, 4.709530, "until"
1.609438, 4.709530, "twice"
1.609438, 4.709530, "tree"
1.609438, 4.709530, "treacle"
1.609438, 4.709530, "tis"
1.609438, 4.709530, "temper"
1.609438, 4.709530, "taking"
1.609438, 4.709530, "swim"
1.609438, 4.709530, "swam"
1.609438, 4.709530, "surprise"
1.609438, 4.709530, "sudden"
1.609438, 4.709530, "strange"
1.609438, 4.709530, "stay"
1.609438, 4.709530, "speaking"
1.609438, 4.709530, "sounded"
1.609438, 4.709530, "sometimes"
1.609438, 4.709530, "sleepy"
1.609438, 4.709530, "simple"
1.609438, 4.709530, "sighed"
1.609438, 4.709530, "shut"
1.609438, 4.709530, "shrill"
1.609438, 4.709530, "shriek"
1.609438, 4.709530, "shouldnt"
1.609438, 4.709530, "several"
1.609438, 4.709530, "seems"
1.609438, 4.709530, "school"
1.609438, 4.709530, "sadly"
1.609438, 4.709530, "rules"
1.609438, 4.709530, "rule"
1.609438, 4.709530, "reply"
1.609438, 4.709530, "replacement"
1.609438, 4.709530, "remembered"
1.609438, 4.709530, "quietly"
1.609438, 4.709530, "procession"
1.609438, 4.709530, "prizes"
1.609438, 4.709530, "posted"
1.609438, 4.709530, "pocket"
1.609438, 4.709530, "piece"
1.609438, 4.709530, "passed"
1.609438, 4.709530, "particular"
1.609438, 4.709530, "paper"
1.609438, 4.709530, "pair"
1.609438, 4.709530, "pack"
1.609438, 4.709530, "owner"
1.609438, 4.709530, "nine"
1.609438, 4.709530, "nervous"
1.609438, 4.709530, "nearer"
1.609438, 4.709530, "moved"
1.609438, 4.709530, "morning"
1.609438, 4.709530, "medium"
1.609438, 4.709530, "meant"
1.609438, 4.709530, "man"
1.609438, 4.709530, "lizard"
1.609438, 4.709530, "limited"
1.609438, 4.709530, "likely"
1.609438, 4.709530, "lets"
1.609438, 4.709530, "knee"
1.609438, 4.709530, "kid"
1.609438, 4.709530, "jurymen"
1.609438, 4.709530, "interesting"
1.609438, 4.709530, "instantly"
1.609438, 4.709530, "impatiently"
1.609438, 4.709530, "hot"
1.609438, 4.709530, "hookah"
1.609438, 4.709530, "home"
1.609438, 4.709530, "height"
1.609438, 4.709530, "happens"
1.609438, 4.709530, "form"
1.609438, 4.709530, "flamingo"
1.609438, 4.709530, "finish"
1.609438, 4.709530, "finger"
1.609438, 4.709530, "fancy"
1.609438, 4.709530, "faces"
1.609438, 4.709530, "executioner"
1.609438, 4.709530, "eggs"
1.609438, 4.709530, "ebook"
1.609438, 4.709530, "ears"
1.609438, 4.709530, "dropped"
1.609438, 4.709530, "drew"
1.609438, 4.709530, "doing"
1.609438, 4.709530, "direction"
1.609438, 4.709530, "dare"
1.609438, 4.709530, "cut"
1.609438, 4.709530, "curiosity"
1.609438, 4.709530, "crowded"
1.609438, 4.709530, "confusion"
1.609438, 4.709530, "compliance"
1.609438, 4.709530, "chimney"
1.609438, 4.709530, "certain"
1.609438, 4.709530, "cause"
1.609438, 4.709530, "case"
1.609438, 4.709530, "cannot"
1.609438, 4.709530, "become"
1.609438, 4.709530, "asking"
1.609438, 4.709530, "animals"
1.609438, 4.709530, "angry"
1.609438, 4.709530, "altogether"
1.609438, 4.709530, "aloud"
1.609438, 4.709530, "along"
1.609438, 4.709530, "alone"
1.609438, 4.709530, "ah"
1.609438, 4.709530, "across"
1.609438, 4.709530, "1e1"
1.386294, 4.718499, "yer"
1.386294, 4.718499, "worth"
1.386294, 4.718499, "water"
1.386294, 4.718499, "wanted"
1.386294, 4.718499, "violently"
1.386294, 4.718499, "verses"
1.386294, 4.718499, "verse"
1.386294, 4.718499, "ventured"
1.386294, 4.718499, "vanished"
1.386294, 4.718499, "uncomfortable"
1.386294, 4.718499, "twinkling"
1.386294, 4.718499, "twelve"
1.386294, 4.718499, "turtles"
1.386294, 4.718499, "true"
1.386294, 4.718499, "trials"
1.386294, 4.718499, "tongue"
1.386294, 4.718499, "today"
1.386294, 4.718499, "tiny"
1.386294, 4.718499, "thoughtfully"
1.386294, 4.718499, "thimble"
1.386294, 4.718499, "theyll"
1.386294, 4.718499, "theyd"
1.386294, 4.718499, "thank"
1.386294, 4.718499, "taught"
1.386294, 4.718499, "tale"
1.386294, 4.718499, "taken"
1.386294, 4.718499, "suppressed"
1.386294, 4.718499, "support"
1.386294, 4.718499, "stuff"
1.386294, 4.718499, "stick"
1.386294, 4.718499, "status"
1.386294, 4.718499, "spread"
1.386294, 4.718499, "sounds"
1.386294, 4.718499, "sound"
1.386294, 4.718499, "solemnly"
1.386294, 4.718499, "sobs"
1.386294, 4.718499, "sky"
1.386294, 4.718499, "site"
1.386294, 4.718499, "since"
1.386294, 4.718499, "sigh"
1.386294, 4.718499, "sides"
1.386294, 4.718499, "shrinking"
1.386294, 4.718499, "shoulders"
1.386294, 4.718499, "shoulder"
1.386294, 4.718499, "short"
1.386294, 4.718499, "sharply"
1.386294, 4.718499, "severely"
1.386294, 4.718499, "screamed"
1.386294, 4.718499, "says"
1.386294, 4.718499, "savage"
1.386294, 4.718499, "run"
1.386294, 4.718499, "rosetree"
1.386294, 4.718499, "requirements"
1.386294, 4.718499, "removed"
1.386294, 4.718499, "reading"
1.386294, 4.718499, "reach"
1.386294, 4.718499, "rabbits"
1.386294, 4.718499, "quadrille"
1.386294, 4.718499, "puzzling"
1.386294, 4.718499, "providing"
1.386294, 4.718499, "provided"
1.386294, 4.718499, "porpoise"
1.386294, 4.718499, "pointing"
1.386294, 4.718499, "players"
1.386294, 4.718499, "plan"
1.386294, 4.718499, "pictures"
1.386294, 4.718499, "phrase"
1.386294, 4.718499, "perfectly"
1.386294, 4.718499, "paws"
1.386294, 4.718499, "passage"
1.386294, 4.718499, "pale"
1.386294, 4.718499, "otherwise"
1.386294, 4.718499, "ordered"
1.386294, 4.718499, "officers"
1.386294, 4.718499, "none"
1.386294, 4.718499, "natural"
1.386294, 4.718499, "mission"
1.386294, 4.718499, "miss"
1.386294, 4.718499, "met"
1.386294, 4.718499, "mary"
1.386294, 4.718499, "managed"
1.386294, 4.718499, "mabel"
1.386294, 4.718499, "m"
1.386294, 4.718499, "located"
1.386294, 4.718499, "lives"
1.386294, 4.718499, "letter"
1.386294, 4.718499, "less"
1.386294, 4.718499, "led"
1.386294, 4.718499, "lay"
1.386294, 4.718499, "law"
1.386294, 4.718499, "kitchen"
1.386294, 4.718499, "keeping"
1.386294, 4.718499, "jurybox"
1.386294, 4.718499, "jurors"
1.386294, 4.718499, "jumping"
1.386294, 4.718499, "judge"
1.386294, 4.718499, "individual"
1.386294, 4.718499, "indignantly"
1.386294, 4.718499, "hours"
1.386294, 4.718499, "hope"
1.386294, 4.718499, "honour"
1.386294, 4.718499, "holder"
1.386294, 4.718499, "held"
1.386294, 4.718499, "hearing"
1.386294, 4.718499, "guineapigs"
1.386294, 4.718499, "grunted"
1.386294, 4.718499, "ground"
1.386294, 4.718499, "green"
1.386294, 4.718499, "grass"
1.386294, 4.718499, "girl"
1.386294, 4.718499, "further"
1.386294, 4.718499, "frowning"
1.386294, 4.718499, "french"
1.386294, 4.718499, "freely"
1.386294, 4.718499, "format"
1.386294, 4.718499, "fellow"
1.386294, 4.718499, "fees"
1.386294, 4.718499, "fear"
1.386294, 4.718499, "fast"
1.386294, 4.718499, "fallen"
1.386294, 4.718499, "explanation"
1.386294, 4.718499, "escape"
1.386294, 4.718499, "email"
1.386294, 4.718499, "easily"
1.386294, 4.718499, "earth"
1.386294, 4.718499, "duck"
1.386294, 4.718499, "doubt"
1.386294, 4.718499, "dogs"
1.386294, 4.718499, "distributed"
1.386294, 4.718499, "displaying"
1.386294, 4.718499, "dish"
1.386294, 4.718499, "digging"
1.386294, 4.718499, "difficulty"
1.386294, 4.718499, "deeply"
1.386294, 4.718499, "decidedly"
1.386294, 4.718499, "dead"
1.386294, 4.718499, "damages"
1.386294, 4.718499, "crumbs"
1.386294, 4.718499, "crowd"
1.386294, 4.718499, "creature"
1.386294, 4.718499, "creating"
1.386294, 4.718499, "copying"
1.386294, 4.718499, "contact"
1.386294, 4.718499, "consider"
1.386294, 4.718499, "confused"
1.386294, 4.718499, "collection"
1.386294, 4.718499, "chance"
1.386294, 4.718499, "carried"
1.386294, 4.718499, "care"
1.386294, 4.718499, "capital"
1.386294, 4.718499, "busily"
1.386294, 4.718499, "breath"
1.386294, 4.718499, "box"
1.386294, 4.718499, "bowed"
1.386294, 4.718499, "bottom"
1.386294, 4.718499, "boots"
1.386294, 4.718499, "besides"
1.386294, 4.718499, "begins"
1.386294, 4.718499, "beauootiful"
1.386294, 4.718499, "beat"
1.386294, 4.718499, "bats"
1.386294, 4.718499, "argument"
1.386294, 4.718499, "arches"
1.386294, 4.718499, "anyone"
1.386294, 4.718499, "answered"
1.386294, 4.718499, "ann"
1.386294, 4.718499, "also"
1.386294, 4.718499, "allow"
1.386294, 4.718499, "alas"
1.386294, 4.718499, "age"
1.386294, 4.718499, "additional"
1.386294, 4.718499, "1f3"
1.386294, 4.718499, "1e8"
1.098612, 4.727388, "yours"
1.098612, 4.727388, "yesterday"
1.098612, 4.727388, "wrote"
1.098612, 4.727388, "worse"
1.098612, 4.727388, "wide"
1.098612, 4.727388, "whisper"
1.098612, 4.727388, "whiskers"
1.098612, 4.727388, "whatever"
1.098612, 4.727388, "week"
1.098612, 4.727388, "watching"
1.098612, 4.727388, "warranties"
1.098612, 4.727388, "visit"
1.098612, 4.727388, "verdict"
1.098612, 4.727388, "venture"
1.098612, 4.727388, "user"
1.098612, 4.727388, "upset"
1.098612, 4.727388, "unimportant"
1.098612, 4.727388, "unfortunate"
1.098612, 4.727388, "turns"
1.098612, 4.727388, "tucked"
1.098612, 4.727388, "trumpet"
1.098612, 4.727388, "tossing"
1.098612, 4.727388, "tortoise"
1.098612, 4.727388, "toes"
1.098612, 4.727388, "timid"
1.098612, 4.727388, "throw"
1.098612, 4.727388, "themselves"
1.098612, 4.727388, "telescope"
1.098612, 4.727388, "teacup"
1.098612, 4.727388, "tasted"
1.098612, 4.727388, "takes"
1.098612, 4.727388, "tails"
1.098612, 4.727388, "sulky"
1.098612, 4.727388, "suit"
1.098612, 4.727388, "succeeded"
1.098612, 4.727388, "stopped"
1.098612, 4.727388, "staring"
1.098612, 4.727388, "stairs"
1.098612, 4.727388, "speech"
1.098612, 4.727388, "spectacles"
1.098612, 4.727388, "sorts"
1.098612, 4.727388, "somewhere"
1.098612, 4.727388, "solemn"
1.098612, 4.727388, "sobbing"
1.098612, 4.727388, "snail"
1.098612, 4.727388, "smaller"
1.098612, 4.727388, "slipped"
1.098612, 4.727388, "sighing"
1.098612, 4.727388, "show"
1.098612, 4.727388, "shore"
1.098612, 4.727388, "shell"
1.098612, 4.727388, "shaking"
1.098612, 4.727388, "settled"
1.098612, 4.727388, "serpents"
1.098612, 4.727388, "sent"
1.098612, 4.727388, "sense"
1.098612, 4.727388, "sending"
1.098612, 4.727388, "salt"
1.098612, 4.727388, "sad"
1.098612, 4.727388, "royalty"
1.098612, 4.727388, "roses"
1.098612, 4.727388, "return"
1.098612, 4.727388, "repeating"
1.098612, 4.727388, "remarks"
1.098612, 4.727388, "remarking"
1.098612, 4.727388, "remained"
1.098612, 4.727388, "receive"
1.098612, 4.727388, "real"
1.098612, 4.727388, "rabbithole"
1.098612, 4.727388, "questions"
1.098612, 4.727388, "putting"
1.098612, 4.727388, "purpose"
1.098612, 4.727388, "proper"
1.098612, 4.727388, "printed"
1.098612, 4.727388, "pressed"
1.098612, 4.727388, "pray"
1.098612, 4.727388, "possibly"
1.098612, 4.727388, "poison"
1.098612, 4.727388, "pleaded"
1.098612, 4.727388, "plate"
1.098612, 4.727388, "pity"
1.098612, 4.727388, "pieces"
1.098612, 4.727388, "picked"
1.098612, 4.727388, "permitted"
1.098612, 4.727388, "performing"
1.098612, 4.727388, "peeped"
1.098612, 4.727388, "payments"
1.098612, 4.727388, "paw"
1.098612, 4.727388, "pattering"
1.098612, 4.727388, "passion"
1.098612, 4.727388, "paragraphs"
1.098612, 4.727388, "panther"
1.098612, 4.727388, "owl"
1.098612, 4.727388, "outoftheway"
1.098612, 4.727388, "order"
1.098612, 4.727388, "opening"
1.098612, 4.727388, "online"
1.098612, 4.727388, "official"
1.098612, 4.727388, "oclock"
1.098612, 4.727388, "obtain"
1.098612, 4.727388, "obliged"
1.098612, 4.727388, "nursing"
1.098612, 4.727388, "notion"
1.098612, 4.727388, "nor"
1.098612, 4.727388, "noise"
1.098612, 4.727388, "night"
1.098612, 4.727388, "nibbling"
1.098612, 4.727388, "neednt"
1.098612, 4.727388, "muttering"
1.098612, 4.727388, "music"
1.098612, 4.727388, "moving"
1.098612, 4.727388, "move"
1.098612, 4.727388, "mouths"
1.098612, 4.727388, "money"
1.098612, 4.727388, "mistake"
1.098612, 4.727388, "miles"
1.098612, 4.727388, "mice"
1.098612, 4.727388, "mentioned"
1.098612, 4.727388, "meet"
1.098612, 4.727388, "master"
1.098612, 4.727388, "mark"
1.098612, 4.727388, "love"
1.098612, 4.727388, "loudly"
1.098612, 4.727388, "lost"
1.098612, 4.727388, "longer"
1.098612, 4.727388, "livery"
1.098612, 4.727388, "lived"
1.098612, 4.727388, "listening"
1.098612, 4.727388, "list"
1.098612, 4.727388, "links"
1.098612, 4.727388, "limitation"
1.098612, 4.727388, "liability"
1.098612, 4.727388, "legs"
1.098612, 4.727388, "later"
1.098612, 4.727388, "lady"
1.098612, 4.727388, "knowledge"
1.098612, 4.727388, "knocking"
1.098612, 4.727388, "kings"
1.098612, 4.727388, "kick"
1.098612, 4.727388, "joined"
1.098612, 4.727388, "instead"
1.098612, 4.727388, "instance"
1.098612, 4.727388, "impossible"
1.098612, 4.727388, "immediately"
1.098612, 4.727388, "immediate"
1.098612, 4.727388, "hush"
1.098612, 4.727388, "hurt"
1.098612, 4.727388, "hunting"
1.098612, 4.727388, "hungry"
1.098612, 4.727388, "howling"
1.098612, 4.727388, "hoping"
1.098612, 4.727388, "holding"
1.098612, 4.727388, "hoarse"
1.098612, 4.727388, "hes"
1.098612, 4.727388, "hers"
1.098612, 4.727388, "hedgehogs"
1.098612, 4.727388, "hanging"
1.098612, 4.727388, "handed"
1.098612, 4.727388, "guests"
1.098612, 4.727388, "guessed"
1.098612, 4.727388, "guess"
1.098612, 4.727388, "growl"
1.098612, 4.727388, "grinned"
1.098612, 4.727388, "gravely"
1.098612, 4.727388, "grave"
1.098612, 4.727388, "grand"
1.098612, 4.727388, "girls"
1.098612, 4.727388, "gently"
1.098612, 4.727388, "future"
1.098612, 4.727388, "fury"
1.098612, 4.727388, "fur"
1.098612, 4.727388, "funny"
1.098612, 4.727388, "fun"
1.098612, 4.727388, "friend"
1.098612, 4.727388, "foundations"
1.098612, 4.727388, "forgetting"
1.098612, 4.727388, "fond"
1.098612, 4.727388, "follows"
1.098612, 4.727388, "following"
1.098612, 4.727388, "follow"
1.098612, 4.727388, "folded"
1.098612, 4.727388, "fly"
1.098612, 4.727388, "floor"
1.098612, 4.727388, "fit"
1.098612, 4.727388, "fish"
1.098612, 4.727388, "fire"
1.098612, 4.727388, "finding"
1.098612, 4.727388, "filled"
1.098612, 4.727388, "figure"
1.098612, 4.727388, "faster"
1.098612, 4.727388, "expecting"
1.098612, 4.727388, "equipment"
1.098612, 4.727388, "entity"
1.098612, 4.727388, "em"
1.098612, 4.727388, "elbow"
1.098612, 4.727388, "efforts"
1.098612, 4.727388, "effect"
1.098612, 4.727388, "eeevening"
1.098612, 4.727388, "edge"
1.098612, 4.727388, "easy"
1.098612, 4.727388, "eaglet"
1.098612, 4.727388, "eager"
1.098612, 4.727388, "dull"
1.098612, 4.727388, "duchesss"
1.098612, 4.727388, "doth"
1.098612, 4.727388, "donate"
1.098612, 4.727388, "disclaimer"
1.098612, 4.727388, "directly"
1.098612, 4.727388, "directions"
1.098612, 4.727388, "derivative"
1.098612, 4.727388, "delight"
1.098612, 4.727388, "defective"
1.098612, 4.727388, "defect"
1.098612, 4.727388, "decided"
1.098612, 4.727388, "dears"
1.098612, 4.727388, "dark"
1.098612, 4.727388, "cry"
1.098612, 4.727388, "crown"
1.098612, 4.727388, "crossed"
1.098612, 4.727388, "croquetground"
1.098612, 4.727388, "crab"
1.098612, 4.727388, "courage"
1.098612, 4.727388, "country"
1.098612, 4.727388, "cost"
1.098612, 4.727388, "corner"
1.098612, 4.727388, "constant"
1.098612, 4.727388, "considering"
1.098612, 4.727388, "considered"
1.098612, 4.727388, "confusing"
1.098612, 4.727388, "complying"
1.098612, 4.727388, "civil"
1.098612, 4.727388, "choked"
1.098612, 4.727388, "cheered"
1.098612, 4.727388, "checked"
1.098612, 4.727388, "cautiously"
1.098612, 4.727388, "caught"
1.098612, 4.727388, "caucusrace"
1.098612, 4.727388, "catch"
1.098612, 4.727388, "carefully"
1.098612, 4.727388, "cards"
1.098612, 4.727388, "candle"
1.098612, 4.727388, "cakes"
1.098612, 4.727388, "cake"
1.098612, 4.727388, "butter"
1.098612, 4.727388, "brought"
1.098612, 4.727388, "bringing"
1.098612, 4.727388, "bring"
1.098612, 4.727388, "breathe"
1.098612, 4.727388, "bound"
1.098612, 4.727388, "bills"
1.098612, 4.727388, "beheaded"
1.098612, 4.727388, "bat"
1.098612, 4.727388, "attending"
1.098612, 4.727388, "around"
1.098612, 4.727388, "applicable"
1.098612, 4.727388, "appear"
1.098612, 4.727388, "anxious"
1.098612, 4.727388, "already"
1.098612, 4.727388, "alive"
1.098612, 4.727388, "advantage"
1.098612, 4.727388, "advance"
1.098612, 4.727388, "above"
1.098612, 4.727388, "4"
1.098612, 4.727388, "3"
1.098612, 4.727388, "1e9"
1.098612, 4.727388, "1e7"
0.693147, 4.736198, "years"
0.693147, 4.736198, "year"
0.693147, 4.736198, "yawning"
0.693147, 4.736198, "yawned"
0.693147, 4.736198, "wwwgutenbergorg"
0.693147, 4.736198, "wretched"
0.693147, 4.736198, "wonderful"
0.693147, 4.736198, "won"
0.693147, 4.736198, "wise"
0.693147, 4.736198, "wink"
0.693147, 4.736198, "wine"
0.693147, 4.736198, "wind"
0.693147, 4.736198, "wildly"
0.693147, 4.736198, "wild"
0.693147, 4.736198, "wig"
0.693147, 4.736198, "widest"
0.693147, 4.736198, "whose"
0.693147, 4.736198, "whom"
0.693147, 4.736198, "wherever"
0.693147, 4.736198, "wheres"
0.693147, 4.736198, "whenever"
0.693147, 4.736198, "weve"
0.693147, 4.736198, "wet"
0.693147, 4.736198, "weak"
0.693147, 4.736198, "ways"
0.693147, 4.736198, "watched"
0.693147, 4.736198, "wasting"
0.693147, 4.736198, "washing"
0.693147, 4.736198, "wash"
0.693147, 4.736198, "warranty"
0.693147, 4.736198, "wants"
0.693147, 4.736198, "wandering"
0.693147, 4.736198, "wandered"
0.693147, 4.736198, "wake"
0.693147, 4.736198, "waistcoatpocket"
0.693147, 4.736198, "voices"
0.693147, 4.736198, "violent"
0.693147, 4.736198, "various"
0.693147, 4.736198, "vanilla"
0.693147, 4.736198, "usually"
0.693147, 4.736198, "useful"
0.693147, 4.736198, "unrolled"
0.693147, 4.736198, "unpleasant"
0.693147, 4.736198, "unhappy"
0.693147, 4.736198, "unfolded"
0.693147, 4.736198, "uneasily"
0.693147, 4.736198, "undertone"
0.693147, 4.736198, "ugly"
0.693147, 4.736198, "uglification"
0.693147, 4.736198, "ugh"
0.693147, 4.736198, "twist"
0.693147, 4.736198, "twentyfour"
0.693147, 4.736198, "tut"
0.693147, 4.736198, "tumbling"
0.693147, 4.736198, "trotting"
0.693147, 4.736198, "triumphantly"
0.693147, 4.736198, "trembled"
0.693147, 4.736198, "treading"
0.693147, 4.736198, "tones"
0.693147, 4.736198, "tiptoe"
0.693147, 4.736198, "thump"
0.693147, 4.736198, "throwing"
0.693147, 4.736198, "throat"
0.693147, 4.736198, "threw"
0.693147, 4.736198, "threelegged"
0.693147, 4.736198, "thousand"
0.693147, 4.736198, "thoughts"
0.693147, 4.736198, "thoroughly"
0.693147, 4.736198, "thistle"
0.693147, 4.736198, "themand"
0.693147, 4.736198, "tells"
0.693147, 4.736198, "telling"
0.693147, 4.736198, "teatime"
0.693147, 4.736198, "teaparty"
0.693147, 4.736198, "teacups"
0.693147, 4.736198, "taste"
0.693147, 4.736198, "taller"
0.693147, 4.736198, "swimming"
0.693147, 4.736198, "sun"
0.693147, 4.736198, "summer"
0.693147, 4.736198, "sulkily"
0.693147, 4.736198, "struck"
0.693147, 4.736198, "stretching"
0.693147, 4.736198, "stretched"
0.693147, 4.736198, "straight"
0.693147, 4.736198, "stoop"
0.693147, 4.736198, "stole"
0.693147, 4.736198, "stirring"
0.693147, 4.736198, "startled"
0.693147, 4.736198, "started"
0.693147, 4.736198, "start"
0.693147, 4.736198, "stamping"
0.693147, 4.736198, "squeaking"
0.693147, 4.736198, "spoon"
0.693147, 4.736198, "splashing"
0.693147, 4.736198, "specified"
0.693147, 4.736198, "sorrowful"
0.693147, 4.736198, "sorrow"
0.693147, 4.736198, "sooner"
0.693147, 4.736198, "solicit"
0.693147, 4.736198, "sneezes"
0.693147, 4.736198, "sneeze"
0.693147, 4.736198, "snatch"
0.693147, 4.736198, "smoking"
0.693147, 4.736198, "smiling"
0.693147, 4.736198, "smiled"
0.693147, 4.736198, "smile"
0.693147, 4.736198, "smallest"
0.693147, 4.736198, "slate"
0.693147, 4.736198, "six"
0.693147, 4.736198, "sisters"
0.693147, 4.736198, "singing"
0.693147, 4.736198, "singers"
0.693147, 4.736198, "simply"
0.693147, 4.736198, "signed"
0.693147, 4.736198, "shutting"
0.693147, 4.736198, "showing"
0.693147, 4.736198, "shower"
0.693147, 4.736198, "shouting"
0.693147, 4.736198, "shorter"
0.693147, 4.736198, "shed"
0.693147, 4.736198, "sharing"
0.693147, 4.736198, "shared"
0.693147, 4.736198, "share"
0.693147, 4.736198, "shaped"
0.693147, 4.736198, "sh"
0.693147, 4.736198, "sensation"
0.693147, 4.736198, "send"
0.693147, 4.736198, "sell"
0.693147, 4.736198, "secondly"
0.693147, 4.736198, "search"
0.693147, 4.736198, "scroll"
0.693147, 4.736198, "scream"
0.693147, 4.736198, "sang"
0.693147, 4.736198, "safe"
0.693147, 4.736198, "s"
0.693147, 4.736198, "rush"
0.693147, 4.736198, "rude"
0.693147, 4.736198, "rubbing"
0.693147, 4.736198, "royalties"
0.693147, 4.736198, "royal"
0.693147, 4.736198, "row"
0.693147, 4.736198, "ringlets"
0.693147, 4.736198, "ring"
0.693147, 4.736198, "righthand"
0.693147, 4.736198, "returned"
0.693147, 4.736198, "resting"
0.693147, 4.736198, "research"
0.693147, 4.736198, "remedies"
0.693147, 4.736198, "remarkable"
0.693147, 4.736198, "remaining"
0.693147, 4.736198, "remain"
0.693147, 4.736198, "relief"
0.693147, 4.736198, "regular"
0.693147, 4.736198, "registered"
0.693147, 4.736198, "references"
0.693147, 4.736198, "redistribution"
0.693147, 4.736198, "redistributing"
0.693147, 4.736198, "red"
0.693147, 4.736198, "recovered"
0.693147, 4.736198, "receipt"
0.693147, 4.736198, "reasonable"
0.693147, 4.736198, "readable"
0.693147, 4.736198, "reaching"
0.693147, 4.736198, "raving"
0.693147, 4.736198, "rattling"
0.693147, 4.736198, "rapidly"
0.693147, 4.736198, "raised"
0.693147, 4.736198, "railway"
0.693147, 4.736198, "race"
0.693147, 4.736198, "quiet"
0.693147, 4.736198, "quickly"
0.693147, 4.736198, "quick"
0.693147, 4.736198, "quarrelling"
0.693147, 4.736198, "purring"
0.693147, 4.736198, "proves"
0.693147, 4.736198, "proved"
0.693147, 4.736198, "proud"
0.693147, 4.736198, "protect"
0.693147, 4.736198, "property"
0.693147, 4.736198, "promoting"
0.693147, 4.736198, "prominently"
0.693147, 4.736198, "produced"
0.693147, 4.736198, "proceed"
0.693147, 4.736198, "prevent"
0.693147, 4.736198, "presents"
0.693147, 4.736198, "presently"
0.693147, 4.736198, "present"
0.693147, 4.736198, "prepare"
0.693147, 4.736198, "position"
0.693147, 4.736198, "plenty"
0.693147, 4.736198, "pleasure"
0.693147, 4.736198, "playing"
0.693147, 4.736198, "plates"
0.693147, 4.736198, "plain"
0.693147, 4.736198, "pinched"
0.693147, 4.736198, "pinch"
0.693147, 4.736198, "pigs"
0.693147, 4.736198, "pie"
0.693147, 4.736198, "picking"
0.693147, 4.736198, "physical"
0.693147, 4.736198, "personal"
0.693147, 4.736198, "persisted"
0.693147, 4.736198, "pennyworth"
0.693147, 4.736198, "pebbles"
0.693147, 4.736198, "paying"
0.693147, 4.736198, "pause"
0.693147, 4.736198, "patiently"
0.693147, 4.736198, "pat"
0.693147, 4.736198, "paris"
0.693147, 4.736198, "parchment"
0.693147, 4.736198, "panting"
0.693147, 4.736198, "painting"
0.693147, 4.736198, "page"
0.693147, 4.736198, "owns"
0.693147, 4.736198, "ornamented"
0.693147, 4.736198, "ordering"
0.693147, 4.736198, "ones"
0.693147, 4.736198, "older"
0.693147, 4.736198, "office"
0.693147, 4.736198, "offer"
0.693147, 4.736198, "occurred"
0.693147, 4.736198, "obtaining"
0.693147, 4.736198, "o"
0.693147, 4.736198, "nurse"
0.693147, 4.736198, "nowhere"
0.693147, 4.736198, "notebook"
0.693147, 4.736198, "northumbria"
0.693147, 4.736198, "nicely"
0.693147, 4.736198, "nibbled"
0.693147, 4.736198, "neither"
0.693147, 4.736198, "neatly"
0.693147, 4.736198, "narrow"
0.693147, 4.736198, "names"
0.693147, 4.736198, "mystery"
0.693147, 4.736198, "muttered"
0.693147, 4.736198, "mustard"
0.693147, 4.736198, "mostly"
0.693147, 4.736198, "morcar"
0.693147, 4.736198, "month"
0.693147, 4.736198, "moments"
0.693147, 4.736198, "mixed"
0.693147, 4.736198, "missed"
0.693147, 4.736198, "miserable"
0.693147, 4.736198, "mile"
0.693147, 4.736198, "michael"
0.693147, 4.736198, "messages"
0.693147, 4.736198, "merely"
0.693147, 4.736198, "mercia"
0.693147, 4.736198, "meekly"
0.693147, 4.736198, "matters"
0.693147, 4.736198, "manner"
0.693147, 4.736198, "ma"
0.693147, 4.736198, "luckily"
0.693147, 4.736198, "lovely"
0.693147, 4.736198, "loose"
0.693147, 4.736198, "longitude"
0.693147, 4.736198, "longed"
0.693147, 4.736198, "lonely"
0.693147, 4.736198, "locks"
0.693147, 4.736198, "locations"
0.693147, 4.736198, "living"
0.693147, 4.736198, "linked"
0.693147, 4.736198, "line"
0.693147, 4.736198, "lieu"
0.693147, 4.736198, "lie"
0.693147, 4.736198, "lewis"
0.693147, 4.736198, "legal"
0.693147, 4.736198, "lefthand"
0.693147, 4.736198, "learnt"
0.693147, 4.736198, "learning"
0.693147, 4.736198, "leaning"
0.693147, 4.736198, "laughing"
0.693147, 4.736198, "laughed"
0.693147, 4.736198, "latitude"
0.693147, 4.736198, "lasted"
0.693147, 4.736198, "lap"
0.693147, 4.736198, "laid"
0.693147, 4.736198, "label"
0.693147, 4.736198, "knows"
0.693147, 4.736198, "knowing"
0.693147, 4.736198, "knot"
0.693147, 4.736198, "knife"
0.693147, 4.736198, "kindly"
0.693147, 4.736198, "jaws"
0.693147, 4.736198, "jar"
0.693147, 4.736198, "isoh"
0.693147, 4.736198, "invited"
0.693147, 4.736198, "invitation"
0.693147, 4.736198, "introduce"
0.693147, 4.736198, "interrupting"
0.693147, 4.736198, "intellectual"
0.693147, 4.736198, "inside"
0.693147, 4.736198, "included"
0.693147, 4.736198, "implied"
0.693147, 4.736198, "imagine"
0.693147, 4.736198, "ii"
0.693147, 4.736198, "hurriedly"
0.693147, 4.736198, "humbly"
0.693147, 4.736198, "httppglaforg"
0.693147, 4.736198, "hour"
0.693147, 4.736198, "hit"
0.693147, 4.736198, "hint"
0.693147, 4.736198, "hedge"
0.693147, 4.736198, "heavy"
0.693147, 4.736198, "heart"
0.693147, 4.736198, "hatters"
0.693147, 4.736198, "hasnt"
0.693147, 4.736198, "hart"
0.693147, 4.736198, "halfpast"
0.693147, 4.736198, "guineapig"
0.693147, 4.736198, "goose"
0.693147, 4.736198, "goldfish"
0.693147, 4.736198, "giving"
0.693147, 4.736198, "given"
0.693147, 4.736198, "giddy"
0.693147, 4.736198, "generations"
0.693147, 4.736198, "games"
0.693147, 4.736198, "front"
0.693147, 4.736198, "frog"
0.693147, 4.736198, "fright"
0.693147, 4.736198, "friends"
0.693147, 4.736198, "fountains"
0.693147, 4.736198, "formats"
0.693147, 4.736198, "forgot"
0.693147, 4.736198, "forget"
0.693147, 4.736198, "forehead"
0.693147, 4.736198, "footsteps"
0.693147, 4.736198, "flowers"
0.693147, 4.736198, "flat"
0.693147, 4.736198, "flamingoes"
0.693147, 4.736198, "fix"
0.693147, 4.736198, "fishfootman"
0.693147, 4.736198, "fine"
0.693147, 4.736198, "files"
0.693147, 4.736198, "file"
0.693147, 4.736198, "fight"
0.693147, 4.736198, "ferrets"
0.693147, 4.736198, "feelings"
0.693147, 4.736198, "feeble"
0.693147, 4.736198, "federal"
0.693147, 4.736198, "fashion"
0.693147, 4.736198, "fancied"
0.693147, 4.736198, "falling"
0.693147, 4.736198, "extremely"
0.693147, 4.736198, "extraordinary"
0.693147, 4.736198, "experiment"
0.693147, 4.736198, "expenses"
0.693147, 4.736198, "exempt"
0.693147, 4.736198, "executions"
0.693147, 4.736198, "execution"
0.693147, 4.736198, "excellent"
0.693147, 4.736198, "everythings"
0.693147, 4.736198, "evening"
0.693147, 4.736198, "entirely"
0.693147, 4.736198, "entangled"
0.693147, 4.736198, "encouraging"
0.693147, 4.736198, "employees"
0.693147, 4.736198, "electronically"
0.693147, 4.736198, "effort"
0.693147, 4.736198, "edwin"
0.693147, 4.736198, "edition"
0.693147, 4.736198, "earnestly"
0.693147, 4.736198, "earls"
0.693147, 4.736198, "drunk"
0.693147, 4.736198, "drive"
0.693147, 4.736198, "dreadful"
0.693147, 4.736198, "dr"
0.693147, 4.736198, "doubtfully"
0.693147, 4.736198, "doubtful"
0.693147, 4.736198, "doors"
0.693147, 4.736198, "dog"
0.693147, 4.736198, "distant"
0.693147, 4.736198, "dispute"
0.693147, 4.736198, "dishes"
0.693147, 4.736198, "disappeared"
0.693147, 4.736198, "directed"
0.693147, 4.736198, "dipped"
0.693147, 4.736198, "dinner"
0.693147, 4.736198, "dinn"
0.693147, 4.736198, "dinahll"
0.693147, 4.736198, "difficult"
0.693147, 4.736198, "destroy"
0.693147, 4.736198, "depends"
0.693147, 4.736198, "deny"
0.693147, 4.736198, "denied"
0.693147, 4.736198, "delightful"
0.693147, 4.736198, "delighted"
0.693147, 4.736198, "declare"
0.693147, 4.736198, "date"
0.693147, 4.736198, "dancing"
0.693147, 4.736198, "damage"
0.693147, 4.736198, "custody"
0.693147, 4.736198, "cushion"
0.693147, 4.736198, "curled"
0.693147, 4.736198, "curiouser"
0.693147, 4.736198, "cupboards"
0.693147, 4.736198, "cup"
0.693147, 4.736198, "crying"
0.693147, 4.736198, "crossexamine"
0.693147, 4.736198, "crimson"
0.693147, 4.736198, "created"
0.693147, 4.736198, "crash"
0.693147, 4.736198, "courtiers"
0.693147, 4.736198, "costs"
0.693147, 4.736198, "copied"
0.693147, 4.736198, "cool"
0.693147, 4.736198, "contributions"
0.693147, 4.736198, "contemptuously"
0.693147, 4.736198, "contain"
0.693147, 4.736198, "considerable"
0.693147, 4.736198, "conqueror"
0.693147, 4.736198, "conclusion"
0.693147, 4.736198, "concluded"
0.693147, 4.736198, "concert"
0.693147, 4.736198, "concerning"
0.693147, 4.736198, "concept"
0.693147, 4.736198, "computers"
0.693147, 4.736198, "computer"
0.693147, 4.736198, "comfits"
0.693147, 4.736198, "comes"
0.693147, 4.736198, "collected"
0.693147, 4.736198, "coaxing"
0.693147, 4.736198, "closed"
0.693147, 4.736198, "clock"
0.693147, 4.736198, "clever"
0.693147, 4.736198, "clearly"
0.693147, 4.736198, "clear"
0.693147, 4.736198, "claws"
0.693147, 4.736198, "chose"
0.693147, 4.736198, "choice"
0.693147, 4.736198, "chief"
0.693147, 4.736198, "check"
0.693147, 4.736198, "charges"
0.693147, 4.736198, "changing"
0.693147, 4.736198, "changes"
0.693147, 4.736198, "caused"
0.693147, 4.736198, "cauldron"
0.693147, 4.736198, "catching"
0.693147, 4.736198, "carrying"
0.693147, 4.736198, "carry"
0.693147, 4.736198, "carroll"
0.693147, 4.736198, "cares"
0.693147, 4.736198, "busy"
0.693147, 4.736198, "burn"
0.693147, 4.736198, "brown"
0.693147, 4.736198, "broke"
0.693147, 4.736198, "brightened"
0.693147, 4.736198, "break"
0.693147, 4.736198, "breach"
0.693147, 4.736198, "branches"
0.693147, 4.736198, "boy"
0.693147, 4.736198, "body"
0.693147, 4.736198, "blow"
0.693147, 4.736198, "blew"
0.693147, 4.736198, "blasts"
0.693147, 4.736198, "bite"
0.693147, 4.736198, "bird"
0.693147, 4.736198, "bend"
0.693147, 4.736198, "belongs"
0.693147, 4.736198, "became"
0.693147, 4.736198, "beautifully"
0.693147, 4.736198, "beating"
0.693147, 4.736198, "beasts"
0.693147, 4.736198, "based"
0.693147, 4.736198, "barrowful"
0.693147, 4.736198, "bark"
0.693147, 4.736198, "bank"
0.693147, 4.736198, "bad"
0.693147, 4.736198, "b"
0.693147, 4.736198, "available"
0.693147, 4.736198, "authority"
0.693147, 4.736198, "atom"
0.693147, 4.736198, "assembled"
0.693147, 4.736198, "ashamed"
0.693147, 4.736198, "ascii"
0.693147, 4.736198, "archbishop"
0.693147, 4.736198, "apples"
0.693147, 4.736198, "appearing"
0.693147, 4.736198, "anywhere"
0.693147, 4.736198, "anger"
0.693147, 4.736198, "andoh"
0.693147, 4.736198, "alarm"
0.693147, 4.736198, "ago"
0.693147, 4.736198, "afterwards"
0.693147, 4.736198, "advisable"
0.693147, 4.736198, "advice"
0.693147, 4.736198, "addressed"
0.693147, 4.736198, "active"
0.693147, 4.736198, "accordance"
0.693147, 4.736198, "accident"
0.693147, 4.736198, "accepted"
0.693147, 4.736198, "absurd"
0.693147, 4.736198, "abide"
0.693147, 4.736198, "90"
0.693147, 4.736198, "501c3"
0.693147, 4.736198, "30"
0.693147, 4.736198, "1e"
0.693147, 4.736198, "1c"
0.693147, 4.736198, "1"
0.000000, 4.744932, "zigzag"
0.000000, 4.744932, "zealand"
0.000000, 4.744932, "youcome"
0.000000, 4.744932, "youare"
0.000000, 4.744932, "youall"
0.000000, 4.744932, "yetoh"
0.000000, 4.744932, "yetits"
0.000000, 4.744932, "yetand"
0.000000, 4.744932, "yelp"
0.000000, 4.744932, "yelled"
0.000000, 4.744932, "ye"
0.000000, 4.744932, "yards"
0.000000, 4.744932, "xii"
0.000000, 4.744932, "xi"
0.000000, 4.744932, "x"
0.000000, 4.744932, "writingdesks"
0.000000, 4.744932, "writingdesk"
0.000000, 4.744932, "writhing"
0.000000, 4.744932, "wriggling"
0.000000, 4.744932, "wrapping"
0.000000, 4.744932, "worry"
0.000000, 4.744932, "worried"
0.000000, 4.744932, "worm"
0.000000, 4.744932, "wore"
0.000000, 4.744932, "woodshe"
0.000000, 4.744932, "wooden"
0.000000, 4.744932, "wondered"
0.000000, 4.744932, "womanbut"
0.000000, 4.744932, "woman"
0.000000, 4.744932, "woke"
0.000000, 4.744932, "wits"
0.000000, 4.744932, "withoutmaybe"
0.000000, 4.744932, "withina"
0.000000, 4.744932, "winter"
0.000000, 4.744932, "wings"
0.000000, 4.744932, "win"
0.000000, 4.744932, "williams"
0.000000, 4.744932, "wife"
0.000000, 4.744932, "wider"
0.000000, 4.744932, "whos"
0.000000, 4.744932, "whoever"
0.000000, 4.744932, "whistling"
0.000000, 4.744932, "whistle"
0.000000, 4.744932, "whispers"
0.000000, 4.744932, "whiles"
0.000000, 4.744932, "whereupon"
0.000000, 4.744932, "whatsoever"
0.000000, 4.744932, "west"
0.000000, 4.744932, "werent"
0.000000, 4.744932, "wept"
0.000000, 4.744932, "welcome"
0.000000, 4.744932, "weeks"
0.000000, 4.744932, "wearily"
0.000000, 4.744932, "waynever"
0.000000, 4.744932, "waterwell"
0.000000, 4.744932, "waters"
0.000000, 4.744932, "waste"
0.000000, 4.744932, "washingextra"
0.000000, 4.744932, "warning"
0.000000, 4.744932, "wander"
0.000000, 4.744932, "walrus"
0.000000, 4.744932, "walks"
0.000000, 4.744932, "wait"
0.000000, 4.744932, "waist"
0.000000, 4.744932, "wags"
0.000000, 4.744932, "wag"
0.000000, 4.744932, "w"
0.000000, 4.744932, "vulgar"
0.000000, 4.744932, "vote"
0.000000, 4.744932, "volunteer"
0.000000, 4.744932, "void"
0.000000, 4.744932, "voicethe"
0.000000, 4.744932, "voiceshold"
0.000000, 4.744932, "virus"
0.000000, 4.744932, "violence"
0.000000, 4.744932, "violates"
0.000000, 4.744932, "vinegar"
0.000000, 4.744932, "viii"
0.000000, 4.744932, "vii"
0.000000, 4.744932, "viewing"
0.000000, 4.744932, "viewed"
0.000000, 4.744932, "vi"
0.000000, 4.744932, "version"
0.000000, 4.744932, "velvet"
0.000000, 4.744932, "vegetable"
0.000000, 4.744932, "variety"
0.000000, 4.744932, "variations"
0.000000, 4.744932, "vanishing"
0.000000, 4.744932, "vague"
0.000000, 4.744932, "v"
0.000000, 4.744932, "ut"
0.000000, 4.744932, "usurpation"
0.000000, 4.744932, "usedand"
0.000000, 4.744932, "upstairs"
0.000000, 4.744932, "upsetting"
0.000000, 4.744932, "upright"
0.000000, 4.744932, "updated"
0.000000, 4.744932, "unwillingly"
0.000000, 4.744932, "unusually"
0.000000, 4.744932, "untwist"
0.000000, 4.744932, "unsolicited"
0.000000, 4.744932, "unlocking"
0.000000, 4.744932, "unlink"
0.000000, 4.744932, "unjust"
0.000000, 4.744932, "uniform"
0.000000, 4.744932, "unenforceability"
0.000000, 4.744932, "uneasy"
0.000000, 4.744932, "undoing"
0.000000, 4.744932, "undo"
0.000000, 4.744932, "understood"
0.000000, 4.744932, "underneath"
0.000000, 4.744932, "uncorked"
0.000000, 4.744932, "uncommonly"
0.000000, 4.744932, "uncommon"
0.000000, 4.744932, "uncomfortably"
0.000000, 4.744932, "uncivil"
0.000000, 4.744932, "unable"
0.000000, 4.744932, "uglifying"
0.000000, 4.744932, "uglify"
0.000000, 4.744932, "types"
0.000000, 4.744932, "twinkled"
0.000000, 4.744932, "twenty"
0.000000, 4.744932, "twentieth"
0.000000, 4.744932, "twelfth"
0.000000, 4.744932, "turtlewe"
0.000000, 4.744932, "turnup"
0.000000, 4.744932, "turkey"
0.000000, 4.744932, "tureen"
0.000000, 4.744932, "tunnel"
0.000000, 4.744932, "tumbled"
0.000000, 4.744932, "tuliproots"
0.000000, 4.744932, "truthful"
0.000000, 4.744932, "truth"
0.000000, 4.744932, "trusts"
0.000000, 4.744932, "trot"
0.000000, 4.744932, "trims"
0.000000, 4.744932, "tricks"
0.000000, 4.744932, "trickling"
0.000000, 4.744932, "tremulous"
0.000000, 4.744932, "tremble"
0.000000, 4.744932, "treatment"
0.000000, 4.744932, "treated"
0.000000, 4.744932, "treat"
0.000000, 4.744932, "treaclewelleh"
0.000000, 4.744932, "treaclewell"
0.000000, 4.744932, "transcription"
0.000000, 4.744932, "transcribe"
0.000000, 4.744932, "trampled"
0.000000, 4.744932, "trademarkcopyright"
0.000000, 4.744932, "toys"
0.000000, 4.744932, "towards"
0.000000, 4.744932, "tougher"
0.000000, 4.744932, "touch"
0.000000, 4.744932, "toto"
0.000000, 4.744932, "toss"
0.000000, 4.744932, "tops"
0.000000, 4.744932, "tonight"
0.000000, 4.744932, "tomorrow"
0.000000, 4.744932, "toffee"
0.000000, 4.744932, "toast"
0.000000, 4.744932, "tittered"
0.000000, 4.744932, "tipped"
0.000000, 4.744932, "tinkling"
0.000000, 4.744932, "tillie"
0.000000, 4.744932, "tight"
0.000000, 4.744932, "tied"
0.000000, 4.744932, "tie"
0.000000, 4.744932, "tidy"
0.000000, 4.744932, "tide"
0.000000, 4.744932, "thus"
0.000000, 4.744932, "thunderstorm"
0.000000, 4.744932, "thunder"
0.000000, 4.744932, "thrown"
0.000000, 4.744932, "throughout"
0.000000, 4.744932, "throne"
0.000000, 4.744932, "thirty"
0.000000, 4.744932, "thirteen"
0.000000, 4.744932, "thingsi"
0.000000, 4.744932, "thingseverything"
0.000000, 4.744932, "thinand"
0.000000, 4.744932, "thick"
0.000000, 4.744932, "theyyouve"
0.000000, 4.744932, "theyve"
0.000000, 4.744932, "therefore"
0.000000, 4.744932, "thenshe"
0.000000, 4.744932, "theni"
0.000000, 4.744932, "thenbills"
0.000000, 4.744932, "thenalways"
0.000000, 4.744932, "themi"
0.000000, 4.744932, "themall"
0.000000, 4.744932, "theirs"
0.000000, 4.744932, "thatonly"
0.000000, 4.744932, "thatll"
0.000000, 4.744932, "thatit"
0.000000, 4.744932, "thatched"
0.000000, 4.744932, "thanked"
0.000000, 4.744932, "terror"
0.000000, 4.744932, "terrier"
0.000000, 4.744932, "terribly"
0.000000, 4.744932, "telescopes"
0.000000, 4.744932, "teeth"
0.000000, 4.744932, "teatray"
0.000000, 4.744932, "teathings"
0.000000, 4.744932, "teases"
0.000000, 4.744932, "teapot"
0.000000, 4.744932, "teanot"
0.000000, 4.744932, "teaching"
0.000000, 4.744932, "taxes"
0.000000, 4.744932, "tastes"
0.000000, 4.744932, "t"
0.000000, 4.744932, "synonymous"
0.000000, 4.744932, "sweettempered"
0.000000, 4.744932, "swamp"
0.000000, 4.744932, "swallowing"
0.000000, 4.744932, "swallowed"
0.000000, 4.744932, "swallow"
0.000000, 4.744932, "survive"
0.000000, 4.744932, "suppress"
0.000000, 4.744932, "supple"
0.000000, 4.744932, "sugar"
0.000000, 4.744932, "suet"
0.000000, 4.744932, "subscribe"
0.000000, 4.744932, "submitted"
0.000000, 4.744932, "subjects"
0.000000, 4.744932, "subdued"
0.000000, 4.744932, "stupidly"
0.000000, 4.744932, "stupidest"
0.000000, 4.744932, "strings"
0.000000, 4.744932, "strict"
0.000000, 4.744932, "strength"
0.000000, 4.744932, "straightening"
0.000000, 4.744932, "straightened"
0.000000, 4.744932, "stored"
0.000000, 4.744932, "stopping"
0.000000, 4.744932, "stool"
0.000000, 4.744932, "stolen"
0.000000, 4.744932, "stockings"
0.000000, 4.744932, "stingy"
0.000000, 4.744932, "stigand"
0.000000, 4.744932, "stiff"
0.000000, 4.744932, "sticks"
0.000000, 4.744932, "sternly"
0.000000, 4.744932, "steamengine"
0.000000, 4.744932, "steady"
0.000000, 4.744932, "stays"
0.000000, 4.744932, "station"
0.000000, 4.744932, "statements"
0.000000, 4.744932, "starfish"
0.000000, 4.744932, "standing"
0.000000, 4.744932, "stalk"
0.000000, 4.744932, "staff"
0.000000, 4.744932, "squeezed"
0.000000, 4.744932, "squeeze"
0.000000, 4.744932, "squeaked"
0.000000, 4.744932, "spreading"
0.000000, 4.744932, "sprawling"
0.000000, 4.744932, "spot"
0.000000, 4.744932, "spoken"
0.000000, 4.744932, "spokefancy"
0.000000, 4.744932, "splendidly"
0.000000, 4.744932, "splashed"
0.000000, 4.744932, "splash"
0.000000, 4.744932, "spite"
0.000000, 4.744932, "spell"
0.000000, 4.744932, "speed"
0.000000, 4.744932, "specific"
0.000000, 4.744932, "special"
0.000000, 4.744932, "speaker"
0.000000, 4.744932, "speakand"
0.000000, 4.744932, "spades"
0.000000, 4.744932, "sourand"
0.000000, 4.744932, "sorry"
0.000000, 4.744932, "sorrows"
0.000000, 4.744932, "soothing"
0.000000, 4.744932, "son"
0.000000, 4.744932, "somersault"
0.000000, 4.744932, "someone"
0.000000, 4.744932, "somehow"
0.000000, 4.744932, "solid"
0.000000, 4.744932, "solicitation"
0.000000, 4.744932, "soles"
0.000000, 4.744932, "soldier"
0.000000, 4.744932, "softly"
0.000000, 4.744932, "soft"
0.000000, 4.744932, "sobbed"
0.000000, 4.744932, "sob"
0.000000, 4.744932, "soand"
0.000000, 4.744932, "snout"
0.000000, 4.744932, "snorting"
0.000000, 4.744932, "sneezed"
0.000000, 4.744932, "snappishly"
0.000000, 4.744932, "smoke"
0.000000, 4.744932, "sluggard"
0.000000, 4.744932, "slippery"
0.000000, 4.744932, "slightest"
0.000000, 4.744932, "slatesll"
0.000000, 4.744932, "slatepencil"
0.000000, 4.744932, "slateoh"
0.000000, 4.744932, "skyrocket"
0.000000, 4.744932, "skurried"
0.000000, 4.744932, "skirt"
0.000000, 4.744932, "skimming"
0.000000, 4.744932, "sizes"
0.000000, 4.744932, "sixteenth"
0.000000, 4.744932, "sixpence"
0.000000, 4.744932, "sits"
0.000000, 4.744932, "sistersthey"
0.000000, 4.744932, "sink"
0.000000, 4.744932, "simplynever"
0.000000, 4.744932, "simpleton"
0.000000, 4.744932, "signify"
0.000000, 4.744932, "signifies"
0.000000, 4.744932, "sign"
0.000000, 4.744932, "shyly"
0.000000, 4.744932, "shy"
0.000000, 4.744932, "shrink"
0.000000, 4.744932, "shrimp"
0.000000, 4.744932, "shrieks"
0.000000, 4.744932, "shrieked"
0.000000, 4.744932, "shock"
0.000000, 4.744932, "shiver"
0.000000, 4.744932, "shiny"
0.000000, 4.744932, "shining"
0.000000, 4.744932, "shinglewill"
0.000000, 4.744932, "shillings"
0.000000, 4.744932, "shilling"
0.000000, 4.744932, "shifting"
0.000000, 4.744932, "shepherd"
0.000000, 4.744932, "shelves"
0.000000, 4.744932, "sheepbells"
0.000000, 4.744932, "shedding"
0.000000, 4.744932, "sharks"
0.000000, 4.744932, "shark"
0.000000, 4.744932, "shape"
0.000000, 4.744932, "shakespeare"
0.000000, 4.744932, "shake"
0.000000, 4.744932, "shade"
0.000000, 4.744932, "severity"
0.000000, 4.744932, "settling"
0.000000, 4.744932, "settle"
0.000000, 4.744932, "setting"
0.000000, 4.744932, "service"
0.000000, 4.744932, "seriously"
0.000000, 4.744932, "series"
0.000000, 4.744932, "sentenced"
0.000000, 4.744932, "sends"
0.000000, 4.744932, "seldom"
0.000000, 4.744932, "seeneverything"
0.000000, 4.744932, "seeing"
0.000000, 4.744932, "seehow"
0.000000, 4.744932, "secure"
0.000000, 4.744932, "sections"
0.000000, 4.744932, "secret"
0.000000, 4.744932, "seated"
0.000000, 4.744932, "seaside"
0.000000, 4.744932, "seashore"
0.000000, 4.744932, "seaography"
0.000000, 4.744932, "seals"
0.000000, 4.744932, "screaming"
0.000000, 4.744932, "scratching"
0.000000, 4.744932, "scrambling"
0.000000, 4.744932, "scolded"
0.000000, 4.744932, "schoolroom"
0.000000, 4.744932, "scattered"
0.000000, 4.744932, "scaly"
0.000000, 4.744932, "scale"
0.000000, 4.744932, "saythats"
0.000000, 4.744932, "saves"
0.000000, 4.744932, "save"
0.000000, 4.744932, "saucer"
0.000000, 4.744932, "saucepans"
0.000000, 4.744932, "saucepan"
0.000000, 4.744932, "sands"
0.000000, 4.744932, "sand"
0.000000, 4.744932, "salmon"
0.000000, 4.744932, "sage"
0.000000, 4.744932, "rustling"
0.000000, 4.744932, "rustled"
0.000000, 4.744932, "rushed"
0.000000, 4.744932, "rumbling"
0.000000, 4.744932, "rudeness"
0.000000, 4.744932, "rubbed"
0.000000, 4.744932, "roughly"
0.000000, 4.744932, "rose"
0.000000, 4.744932, "ropewill"
0.000000, 4.744932, "roots"
0.000000, 4.744932, "romeno"
0.000000, 4.744932, "rome"
0.000000, 4.744932, "rock"
0.000000, 4.744932, "roast"
0.000000, 4.744932, "roared"
0.000000, 4.744932, "rising"
0.000000, 4.744932, "rises"
0.000000, 4.744932, "rise"
0.000000, 4.744932, "rippling"
0.000000, 4.744932, "riper"
0.000000, 4.744932, "rightly"
0.000000, 4.744932, "ridiculous"
0.000000, 4.744932, "ridges"
0.000000, 4.744932, "ridge"
0.000000, 4.744932, "riddlesi"
0.000000, 4.744932, "riddles"
0.000000, 4.744932, "riddle"
0.000000, 4.744932, "rich"
0.000000, 4.744932, "revenue"
0.000000, 4.744932, "reuse"
0.000000, 4.744932, "returns"
0.000000, 4.744932, "returning"
0.000000, 4.744932, "retire"
0.000000, 4.744932, "result"
0.000000, 4.744932, "restrictions"
0.000000, 4.744932, "respectful"
0.000000, 4.744932, "respectable"
0.000000, 4.744932, "respect"
0.000000, 4.744932, "resource"
0.000000, 4.744932, "required"
0.000000, 4.744932, "require"
0.000000, 4.744932, "request"
0.000000, 4.744932, "representations"
0.000000, 4.744932, "reports"
0.000000, 4.744932, "reported"
0.000000, 4.744932, "replace"
0.000000, 4.744932, "renamed"
0.000000, 4.744932, "remove"
0.000000, 4.744932, "reminding"
0.000000, 4.744932, "remembering"
0.000000, 4.744932, "relieved"
0.000000, 4.744932, "regulating"
0.000000, 4.744932, "refused"
0.000000, 4.744932, "refreshments"
0.000000, 4.744932, "reeling"
0.000000, 4.744932, "reedsthe"
0.000000, 4.744932, "reduced"
0.000000, 4.744932, "redistribute"
0.000000, 4.744932, "redhot"
0.000000, 4.744932, "recognised"
0.000000, 4.744932, "receiving"
0.000000, 4.744932, "reasons"
0.000000, 4.744932, "rearing"
0.000000, 4.744932, "realitythe"
0.000000, 4.744932, "readily"
0.000000, 4.744932, "raw"
0.000000, 4.744932, "ravens"
0.000000, 4.744932, "raven"
0.000000, 4.744932, "rattle"
0.000000, 4.744932, "rats"
0.000000, 4.744932, "rathole"
0.000000, 4.744932, "rapped"
0.000000, 4.744932, "raising"
0.000000, 4.744932, "racecourse"
0.000000, 4.744932, "rabbitspat"
0.000000, 4.744932, "rabbitholeand"
0.000000, 4.744932, "quiver"
0.000000, 4.744932, "quicker"
0.000000, 4.744932, "questionshow"
0.000000, 4.744932, "queershaped"
0.000000, 4.744932, "queerlooking"
0.000000, 4.744932, "queerest"
0.000000, 4.744932, "quarrelled"
0.000000, 4.744932, "quarrel"
0.000000, 4.744932, "puzzle"
0.000000, 4.744932, "puss"
0.000000, 4.744932, "push"
0.000000, 4.744932, "purple"
0.000000, 4.744932, "puppys"
0.000000, 4.744932, "punitive"
0.000000, 4.744932, "punished"
0.000000, 4.744932, "punching"
0.000000, 4.744932, "pun"
0.000000, 4.744932, "pulling"
0.000000, 4.744932, "pulled"
0.000000, 4.744932, "puffed"
0.000000, 4.744932, "provoking"
0.000000, 4.744932, "provisions"
0.000000, 4.744932, "provision"
0.000000, 4.744932, "prove"
0.000000, 4.744932, "protection"
0.000000, 4.744932, "prosecute"
0.000000, 4.744932, "proprietary"
0.000000, 4.744932, "proposal"
0.000000, 4.744932, "proofread"
0.000000, 4.744932, "pronounced"
0.000000, 4.744932, "promotion"
0.000000, 4.744932, "promising"
0.000000, 4.744932, "promised"
0.000000, 4.744932, "promise"
0.000000, 4.744932, "prohibition"
0.000000, 4.744932, "profits"
0.000000, 4.744932, "profit"
0.000000, 4.744932, "professor"
0.000000, 4.744932, "production"
0.000000, 4.744932, "producing"
0.000000, 4.744932, "produce"
0.000000, 4.744932, "processions"
0.000000, 4.744932, "processing"
0.000000, 4.744932, "problem"
0.000000, 4.744932, "prize"
0.000000, 4.744932, "prisoners"
0.000000, 4.744932, "prisoner"
0.000000, 4.744932, "prison"
0.000000, 4.744932, "print"
0.000000, 4.744932, "principal"
0.000000, 4.744932, "previous"
0.000000, 4.744932, "pretty"
0.000000, 4.744932, "pretexts"
0.000000, 4.744932, "pretending"
0.000000, 4.744932, "pretend"
0.000000, 4.744932, "pressing"
0.000000, 4.744932, "preserve"
0.000000, 4.744932, "presented"
0.000000, 4.744932, "presentat"
0.000000, 4.744932, "precious"
0.000000, 4.744932, "practice"
0.000000, 4.744932, "practically"
0.000000, 4.744932, "powdered"
0.000000, 4.744932, "poured"
0.000000, 4.744932, "pour"
0.000000, 4.744932, "pounds"
0.000000, 4.744932, "possible"
0.000000, 4.744932, "possibility"
0.000000, 4.744932, "possession"
0.000000, 4.744932, "possessed"
0.000000, 4.744932, "positively"
0.000000, 4.744932, "pope"
0.000000, 4.744932, "pop"
0.000000, 4.744932, "poolshe"
0.000000, 4.744932, "poky"
0.000000, 4.744932, "poker"
0.000000, 4.744932, "pointed"
0.000000, 4.744932, "pleasing"
0.000000, 4.744932, "pleases"
0.000000, 4.744932, "pleasanter"
0.000000, 4.744932, "pleasant"
0.000000, 4.744932, "played"
0.000000, 4.744932, "planning"
0.000000, 4.744932, "plainly"
0.000000, 4.744932, "placesall"
0.000000, 4.744932, "places"
0.000000, 4.744932, "placed"
0.000000, 4.744932, "pitied"
0.000000, 4.744932, "piteous"
0.000000, 4.744932, "pink"
0.000000, 4.744932, "pineapple"
0.000000, 4.744932, "pigbaby"
0.000000, 4.744932, "piecrust"
0.000000, 4.744932, "pictured"
0.000000, 4.744932, "picture"
0.000000, 4.744932, "pglaf"
0.000000, 4.744932, "pg"
0.000000, 4.744932, "pet"
0.000000, 4.744932, "persons"
0.000000, 4.744932, "permanent"
0.000000, 4.744932, "periodic"
0.000000, 4.744932, "performed"
0.000000, 4.744932, "performances"
0.000000, 4.744932, "perform"
0.000000, 4.744932, "pepperbox"
0.000000, 4.744932, "pencils"
0.000000, 4.744932, "pencil"
0.000000, 4.744932, "pence"
0.000000, 4.744932, "pegs"
0.000000, 4.744932, "peering"
0.000000, 4.744932, "peeping"
0.000000, 4.744932, "pay"
0.000000, 4.744932, "paused"
0.000000, 4.744932, "pattern"
0.000000, 4.744932, "patted"
0.000000, 4.744932, "patriotic"
0.000000, 4.744932, "patience"
0.000000, 4.744932, "past"
0.000000, 4.744932, "passionate"
0.000000, 4.744932, "passing"
0.000000, 4.744932, "pass"
0.000000, 4.744932, "parts"
0.000000, 4.744932, "partners"
0.000000, 4.744932, "partner"
0.000000, 4.744932, "particularly"
0.000000, 4.744932, "particularhere"
0.000000, 4.744932, "pardoned"
0.000000, 4.744932, "paperwork"
0.000000, 4.744932, "panted"
0.000000, 4.744932, "pairs"
0.000000, 4.744932, "paint"
0.000000, 4.744932, "pages"
0.000000, 4.744932, "pace"
0.000000, 4.744932, "oyster"
0.000000, 4.744932, "owed"
0.000000, 4.744932, "overhead"
0.000000, 4.744932, "overcome"
0.000000, 4.744932, "outdated"
0.000000, 4.744932, "ourselves"
0.000000, 4.744932, "ours"
0.000000, 4.744932, "ou"
0.000000, 4.744932, "otherbill"
0.000000, 4.744932, "originator"
0.000000, 4.744932, "original"
0.000000, 4.744932, "organized"
0.000000, 4.744932, "orange"
0.000000, 4.744932, "opposite"
0.000000, 4.744932, "opportunities"
0.000000, 4.744932, "opinion"
0.000000, 4.744932, "onions"
0.000000, 4.744932, "onethe"
0.000000, 4.744932, "oneself"
0.000000, 4.744932, "onebut"
0.000000, 4.744932, "oldest"
0.000000, 4.744932, "ointmentone"
0.000000, 4.744932, "officer"
0.000000, 4.744932, "offers"
0.000000, 4.744932, "offend"
0.000000, 4.744932, "odd"
0.000000, 4.744932, "occur"
0.000000, 4.744932, "occasionally"
0.000000, 4.744932, "occasional"
0.000000, 4.744932, "obstacle"
0.000000, 4.744932, "obsolete"
0.000000, 4.744932, "oblong"
0.000000, 4.744932, "nurseand"
0.000000, 4.744932, "numerous"
0.000000, 4.744932, "nowdont"
0.000000, 4.744932, "nowbut"
0.000000, 4.744932, "notifies"
0.000000, 4.744932, "noticing"
0.000000, 4.744932, "north"
0.000000, 4.744932, "normans"
0.000000, 4.744932, "nonproprietary"
0.000000, 4.744932, "non"
0.000000, 4.744932, "noises"
0.000000, 4.744932, "nodded"
0.000000, 4.744932, "nile"
0.000000, 4.744932, "nightair"
0.000000, 4.744932, "newspapers"
0.000000, 4.744932, "newsletter"
0.000000, 4.744932, "newby"
0.000000, 4.744932, "nevertheless"
0.000000, 4.744932, "neverending"
0.000000, 4.744932, "network"
0.000000, 4.744932, "nest"
0.000000, 4.744932, "neighbouring"
0.000000, 4.744932, "neighbour"
0.000000, 4.744932, "negligence"
0.000000, 4.744932, "needs"
0.000000, 4.744932, "need"
0.000000, 4.744932, "necessarily"
0.000000, 4.744932, "neat"
0.000000, 4.744932, "nasty"
0.000000, 4.744932, "named"
0.000000, 4.744932, "mustardmine"
0.000000, 4.744932, "muscular"
0.000000, 4.744932, "murdering"
0.000000, 4.744932, "murder"
0.000000, 4.744932, "multiplication"
0.000000, 4.744932, "muddle"
0.000000, 4.744932, "muchnessyou"
0.000000, 4.744932, "muchnessdid"
0.000000, 4.744932, "muchness"
0.000000, 4.744932, "mouthsand"
0.000000, 4.744932, "mousetraps"
0.000000, 4.744932, "mouseto"
0.000000, 4.744932, "mouses"
0.000000, 4.744932, "mouseof"
0.000000, 4.744932, "mouseo"
0.000000, 4.744932, "mousea"
0.000000, 4.744932, "mournfully"
0.000000, 4.744932, "mournful"
0.000000, 4.744932, "morsel"
0.000000, 4.744932, "moreas"
0.000000, 4.744932, "morals"
0.000000, 4.744932, "moon"
0.000000, 4.744932, "modified"
0.000000, 4.744932, "modification"
0.000000, 4.744932, "modern"
0.000000, 4.744932, "moderate"
0.000000, 4.744932, "mississippi"
0.000000, 4.744932, "mischief"
0.000000, 4.744932, "mineral"
0.000000, 4.744932, "minea"
0.000000, 4.744932, "minding"
0.000000, 4.744932, "minded"
0.000000, 4.744932, "millennium"
0.000000, 4.744932, "milkjug"
0.000000, 4.744932, "milk"
0.000000, 4.744932, "middleaged"
0.000000, 4.744932, "miceoh"
0.000000, 4.744932, "methods"
0.000000, 4.744932, "method"
0.000000, 4.744932, "merrily"
0.000000, 4.744932, "merchantibility"
0.000000, 4.744932, "memory"
0.000000, 4.744932, "memorandum"
0.000000, 4.744932, "melan"
0.000000, 4.744932, "meeting"
0.000000, 4.744932, "meat"
0.000000, 4.744932, "measure"
0.000000, 4.744932, "meanwhile"
0.000000, 4.744932, "meanstomakeanythingprettier"
0.000000, 4.744932, "meal"
0.000000, 4.744932, "maynt"
0.000000, 4.744932, "maybe"
0.000000, 4.744932, "maximum"
0.000000, 4.744932, "marmalade"
0.000000, 4.744932, "marchjust"
0.000000, 4.744932, "marched"
0.000000, 4.744932, "maps"
0.000000, 4.744932, "manners"
0.000000, 4.744932, "managing"
0.000000, 4.744932, "mallets"
0.000000, 4.744932, "maintaining"
0.000000, 4.744932, "main"
0.000000, 4.744932, "magpie"
0.000000, 4.744932, "magic"
0.000000, 4.744932, "madat"
0.000000, 4.744932, "machines"
0.000000, 4.744932, "machine"
0.000000, 4.744932, "maam"
0.000000, 4.744932, "lullaby"
0.000000, 4.744932, "lowspirited"
0.000000, 4.744932, "lowing"
0.000000, 4.744932, "lower"
0.000000, 4.744932, "loving"
0.000000, 4.744932, "loveliest"
0.000000, 4.744932, "louder"
0.000000, 4.744932, "lot"
0.000000, 4.744932, "losing"
0.000000, 4.744932, "lose"
0.000000, 4.744932, "lookout"
0.000000, 4.744932, "lookingglass"
0.000000, 4.744932, "london"
0.000000, 4.744932, "lodging"
0.000000, 4.744932, "locked"
0.000000, 4.744932, "lock"
0.000000, 4.744932, "lizards"
0.000000, 4.744932, "lit"
0.000000, 4.744932, "listeners"
0.000000, 4.744932, "listened"
0.000000, 4.744932, "lips"
0.000000, 4.744932, "lines"
0.000000, 4.744932, "limbs"
0.000000, 4.744932, "likes"
0.000000, 4.744932, "lifted"
0.000000, 4.744932, "licking"
0.000000, 4.744932, "licensed"
0.000000, 4.744932, "library"
0.000000, 4.744932, "liable"
0.000000, 4.744932, "letters"
0.000000, 4.744932, "lest"
0.000000, 4.744932, "lessonbooks"
0.000000, 4.744932, "lessonbook"
0.000000, 4.744932, "lesson"
0.000000, 4.744932, "lessen"
0.000000, 4.744932, "length"
0.000000, 4.744932, "legally"
0.000000, 4.744932, "ledge"
0.000000, 4.744932, "leaving"
0.000000, 4.744932, "leastat"
0.000000, 4.744932, "learned"
0.000000, 4.744932, "leap"
0.000000, 4.744932, "leant"
0.000000, 4.744932, "leading"
0.000000, 4.744932, "leaders"
0.000000, 4.744932, "lazy"
0.000000, 4.744932, "lazily"
0.000000, 4.744932, "laughter"
0.000000, 4.744932, "laugh"
0.000000, 4.744932, "latin"
0.000000, 4.744932, "lately"
0.000000, 4.744932, "lastly"
0.000000, 4.744932, "lark"
0.000000, 4.744932, "largest"
0.000000, 4.744932, "languid"
0.000000, 4.744932, "land"
0.000000, 4.744932, "lamps"
0.000000, 4.744932, "lake"
0.000000, 4.744932, "ladhere"
0.000000, 4.744932, "ladderwhy"
0.000000, 4.744932, "lacie"
0.000000, 4.744932, "labelled"
0.000000, 4.744932, "knuckles"
0.000000, 4.744932, "knowno"
0.000000, 4.744932, "known"
0.000000, 4.744932, "knowand"
0.000000, 4.744932, "knocked"
0.000000, 4.744932, "knock"
0.000000, 4.744932, "knelt"
0.000000, 4.744932, "kneel"
0.000000, 4.744932, "kissed"
0.000000, 4.744932, "kiss"
0.000000, 4.744932, "kills"
0.000000, 4.744932, "killing"
0.000000, 4.744932, "kill"
0.000000, 4.744932, "kettle"
0.000000, 4.744932, "justice"
0.000000, 4.744932, "juror"
0.000000, 4.744932, "judging"
0.000000, 4.744932, "joys"
0.000000, 4.744932, "journey"
0.000000, 4.744932, "jogged"
0.000000, 4.744932, "jellyfish"
0.000000, 4.744932, "jaw"
0.000000, 4.744932, "jackinthebox"
0.000000, 4.744932, "ix"
0.000000, 4.744932, "iv"
0.000000, 4.744932, "itthat"
0.000000, 4.744932, "itsits"
0.000000, 4.744932, "itonce"
0.000000, 4.744932, "isthe"
0.000000, 4.744932, "istake"
0.000000, 4.744932, "isbirds"
0.000000, 4.744932, "isbe"
0.000000, 4.744932, "irs"
0.000000, 4.744932, "irritated"
0.000000, 4.744932, "inwards"
0.000000, 4.744932, "involved"
0.000000, 4.744932, "invented"
0.000000, 4.744932, "invent"
0.000000, 4.744932, "invalidity"
0.000000, 4.744932, "introduced"
0.000000, 4.744932, "interrupt"
0.000000, 4.744932, "interpreted"
0.000000, 4.744932, "international"
0.000000, 4.744932, "internal"
0.000000, 4.744932, "interest"
0.000000, 4.744932, "insult"
0.000000, 4.744932, "insolence"
0.000000, 4.744932, "inquisitively"
0.000000, 4.744932, "inquired"
0.000000, 4.744932, "inkstand"
0.000000, 4.744932, "ink"
0.000000, 4.744932, "injure"
0.000000, 4.744932, "infringement"
0.000000, 4.744932, "indirectly"
0.000000, 4.744932, "indirect"
0.000000, 4.744932, "indignant"
0.000000, 4.744932, "indicating"
0.000000, 4.744932, "indicate"
0.000000, 4.744932, "indemnity"
0.000000, 4.744932, "indemnify"
0.000000, 4.744932, "increasing"
0.000000, 4.744932, "incomplete"
0.000000, 4.744932, "includes"
0.000000, 4.744932, "include"
0.000000, 4.744932, "inclined"
0.000000, 4.744932, "incidental"
0.000000, 4.744932, "incessantly"
0.000000, 4.744932, "inaccurate"
0.000000, 4.744932, "improve"
0.000000, 4.744932, "imposed"
0.000000, 4.744932, "importantunimportantunimportantimportant"
0.000000, 4.744932, "impertinent"
0.000000, 4.744932, "impatient"
0.000000, 4.744932, "immense"
0.000000, 4.744932, "imitated"
0.000000, 4.744932, "iim"
0.000000, 4.744932, "iii"
0.000000, 4.744932, "ignorant"
0.000000, 4.744932, "ifif"
0.000000, 4.744932, "idiotic"
0.000000, 4.744932, "idiot"
0.000000, 4.744932, "identify"
0.000000, 4.744932, "identification"
0.000000, 4.744932, "hypertext"
0.000000, 4.744932, "hurrying"
0.000000, 4.744932, "hung"
0.000000, 4.744932, "hundreds"
0.000000, 4.744932, "hundred"
0.000000, 4.744932, "humble"
0.000000, 4.744932, "httpwwwpglaforg"
0.000000, 4.744932, "httpwwwgutenbergorg111"
0.000000, 4.744932, "httpwwwgutenbergorg"
0.000000, 4.744932, "httppglaforgfundraising"
0.000000, 4.744932, "httppglaforgdonate"
0.000000, 4.744932, "httpgutenbergorglicense"
0.000000, 4.744932, "howled"
0.000000, 4.744932, "houses"
0.000000, 4.744932, "housemaid"
0.000000, 4.744932, "hottempered"
0.000000, 4.744932, "hopeless"
0.000000, 4.744932, "hopeful"
0.000000, 4.744932, "hoped"
0.000000, 4.744932, "honest"
0.000000, 4.744932, "hollow"
0.000000, 4.744932, "holiday"
0.000000, 4.744932, "hoarsely"
0.000000, 4.744932, "hm"
0.000000, 4.744932, "hjckrrh"
0.000000, 4.744932, "histories"
0.000000, 4.744932, "hiss"
0.000000, 4.744932, "hippopotamus"
0.000000, 4.744932, "himit"
0.000000, 4.744932, "himhow"
0.000000, 4.744932, "highest"
0.000000, 4.744932, "hide"
0.000000, 4.744932, "hid"
0.000000, 4.744932, "hersshe"
0.000000, 4.744932, "herald"
0.000000, 4.744932, "helpless"
0.000000, 4.744932, "helped"
0.000000, 4.744932, "hell"
0.000000, 4.744932, "heels"
0.000000, 4.744932, "hedges"
0.000000, 4.744932, "hed"
0.000000, 4.744932, "hearthrug"
0.000000, 4.744932, "hearth"
0.000000, 4.744932, "heap"
0.000000, 4.744932, "headbrandy"
0.000000, 4.744932, "hated"
0.000000, 4.744932, "hatec"
0.000000, 4.744932, "hate"
0.000000, 4.744932, "hatching"
0.000000, 4.744932, "hat"
0.000000, 4.744932, "haste"
0.000000, 4.744932, "harmless"
0.000000, 4.744932, "harm"
0.000000, 4.744932, "happy"
0.000000, 4.744932, "happening"
0.000000, 4.744932, "handwriting"
0.000000, 4.744932, "handsome"
0.000000, 4.744932, "gutenbergtms"
0.000000, 4.744932, "gutenbergs"
0.000000, 4.744932, "guilt"
0.000000, 4.744932, "guard"
0.000000, 4.744932, "grunt"
0.000000, 4.744932, "grumbled"
0.000000, 4.744932, "growls"
0.000000, 4.744932, "growling"
0.000000, 4.744932, "growled"
0.000000, 4.744932, "group"
0.000000, 4.744932, "groundand"
0.000000, 4.744932, "gross"
0.000000, 4.744932, "grins"
0.000000, 4.744932, "grinning"
0.000000, 4.744932, "grief"
0.000000, 4.744932, "grey"
0.000000, 4.744932, "grew"
0.000000, 4.744932, "gregory"
0.000000, 4.744932, "grazed"
0.000000, 4.744932, "gravy"
0.000000, 4.744932, "gratefully"
0.000000, 4.744932, "granted"
0.000000, 4.744932, "grant"
0.000000, 4.744932, "grammar"
0.000000, 4.744932, "graceful"
0.000000, 4.744932, "govern"
0.000000, 4.744932, "goodnaturedly"
0.000000, 4.744932, "goodnatured"
0.000000, 4.744932, "goodbye"
0.000000, 4.744932, "goals"
0.000000, 4.744932, "glovesthat"
0.000000, 4.744932, "gloomily"
0.000000, 4.744932, "globe"
0.000000, 4.744932, "glaring"
0.000000, 4.744932, "glanced"
0.000000, 4.744932, "geography"
0.000000, 4.744932, "gbnewbypglaforg"
0.000000, 4.744932, "gazing"
0.000000, 4.744932, "gay"
0.000000, 4.744932, "gather"
0.000000, 4.744932, "gardenhow"
0.000000, 4.744932, "gallons"
0.000000, 4.744932, "gained"
0.000000, 4.744932, "furrows"
0.000000, 4.744932, "furrow"
0.000000, 4.744932, "furiously"
0.000000, 4.744932, "furious"
0.000000, 4.744932, "fumbled"
0.000000, 4.744932, "fulcrum"
0.000000, 4.744932, "fryingpan"
0.000000, 4.744932, "frontispiece"
0.000000, 4.744932, "frogfootman"
0.000000, 4.744932, "frighten"
0.000000, 4.744932, "france"
0.000000, 4.744932, "fourth"
0.000000, 4.744932, "fourteenth"
0.000000, 4.744932, "forwards"
0.000000, 4.744932, "fortytwo"
0.000000, 4.744932, "fortunately"
0.000000, 4.744932, "fork"
0.000000, 4.744932, "forepaws"
0.000000, 4.744932, "footmen"
0.000000, 4.744932, "footmans"
0.000000, 4.744932, "foolish"
0.000000, 4.744932, "fondofof"
0.000000, 4.744932, "folding"
0.000000, 4.744932, "flying"
0.000000, 4.744932, "fluttered"
0.000000, 4.744932, "flustered"
0.000000, 4.744932, "flurry"
0.000000, 4.744932, "flung"
0.000000, 4.744932, "flown"
0.000000, 4.744932, "flowerpot"
0.000000, 4.744932, "flowerbeds"
0.000000, 4.744932, "flock"
0.000000, 4.744932, "flinging"
0.000000, 4.744932, "flew"
0.000000, 4.744932, "flavour"
0.000000, 4.744932, "flashed"
0.000000, 4.744932, "flappers"
0.000000, 4.744932, "flapper"
0.000000, 4.744932, "flame"
0.000000, 4.744932, "fixed"
0.000000, 4.744932, "fitted"
0.000000, 4.744932, "fits"
0.000000, 4.744932, "fitness"
0.000000, 4.744932, "fishes"
0.000000, 4.744932, "fishand"
0.000000, 4.744932, "firstverdict"
0.000000, 4.744932, "firstthey"
0.000000, 4.744932, "fireplace"
0.000000, 4.744932, "fireirons"
0.000000, 4.744932, "finishing"
0.000000, 4.744932, "finds"
0.000000, 4.744932, "financial"
0.000000, 4.744932, "fills"
0.000000, 4.744932, "figures"
0.000000, 4.744932, "fighting"
0.000000, 4.744932, "fig"
0.000000, 4.744932, "fifth"
0.000000, 4.744932, "fifteenth"
0.000000, 4.744932, "fifteen"
0.000000, 4.744932, "field"
0.000000, 4.744932, "fidgeted"
0.000000, 4.744932, "fender"
0.000000, 4.744932, "fellows"
0.000000, 4.744932, "feebly"
0.000000, 4.744932, "feathers"
0.000000, 4.744932, "feather"
0.000000, 4.744932, "feared"
0.000000, 4.744932, "favourite"
0.000000, 4.744932, "favoured"
0.000000, 4.744932, "fat"
0.000000, 4.744932, "farther"
0.000000, 4.744932, "farmyardwhile"
0.000000, 4.744932, "farmer"
0.000000, 4.744932, "fanning"
0.000000, 4.744932, "fanned"
0.000000, 4.744932, "fancywhos"
0.000000, 4.744932, "fancying"
0.000000, 4.744932, "family"
0.000000, 4.744932, "familiarly"
0.000000, 4.744932, "fairytales"
0.000000, 4.744932, "fairly"
0.000000, 4.744932, "fairbanks"
0.000000, 4.744932, "fair"
0.000000, 4.744932, "faintly"
0.000000, 4.744932, "fainting"
0.000000, 4.744932, "faint"
0.000000, 4.744932, "failure"
0.000000, 4.744932, "fading"
0.000000, 4.744932, "facility"
0.000000, 4.744932, "faceand"
0.000000, 4.744932, "f3"
0.000000, 4.744932, "eyestell"
0.000000, 4.744932, "eyesand"
0.000000, 4.744932, "eyelids"
0.000000, 4.744932, "extras"
0.000000, 4.744932, "extent"
0.000000, 4.744932, "expression"
0.000000, 4.744932, "expressing"
0.000000, 4.744932, "express"
0.000000, 4.744932, "exporting"
0.000000, 4.744932, "explanations"
0.000000, 4.744932, "explained"
0.000000, 4.744932, "expense"
0.000000, 4.744932, "expend"
0.000000, 4.744932, "expected"
0.000000, 4.744932, "exists"
0.000000, 4.744932, "existence"
0.000000, 4.744932, "executive"
0.000000, 4.744932, "executiononce"
0.000000, 4.744932, "executioners"
0.000000, 4.744932, "executes"
0.000000, 4.744932, "execute"
0.000000, 4.744932, "exclusion"
0.000000, 4.744932, "exclamation"
0.000000, 4.744932, "examining"
0.000000, 4.744932, "exact"
0.000000, 4.744932, "evidently"
0.000000, 4.744932, "est"
0.000000, 4.744932, "esq"
0.000000, 4.744932, "especially"
0.000000, 4.744932, "errors"
0.000000, 4.744932, "entrance"
0.000000, 4.744932, "ensuring"
0.000000, 4.744932, "enoughi"
0.000000, 4.744932, "enormous"
0.000000, 4.744932, "enjoy"
0.000000, 4.744932, "engraved"
0.000000, 4.744932, "england"
0.000000, 4.744932, "engaged"
0.000000, 4.744932, "energetic"
0.000000, 4.744932, "ending"
0.000000, 4.744932, "encouraged"
0.000000, 4.744932, "encourage"
0.000000, 4.744932, "empty"
0.000000, 4.744932, "employee"
0.000000, 4.744932, "emphasis"
0.000000, 4.744932, "elsie"
0.000000, 4.744932, "elses"
0.000000, 4.744932, "elsebut"
0.000000, 4.744932, "eleventh"
0.000000, 4.744932, "elegant"
0.000000, 4.744932, "elect"
0.000000, 4.744932, "elbows"
0.000000, 4.744932, "ein"
0.000000, 4.744932, "egg"
0.000000, 4.744932, "eels"
0.000000, 4.744932, "eel"
0.000000, 4.744932, "educationsin"
0.000000, 4.744932, "educational"
0.000000, 4.744932, "edgar"
0.000000, 4.744932, "eats"
0.000000, 4.744932, "eating"
0.000000, 4.744932, "eaten"
0.000000, 4.744932, "dunce"
0.000000, 4.744932, "drowned"
0.000000, 4.744932, "dropping"
0.000000, 4.744932, "drop"
0.000000, 4.744932, "dripping"
0.000000, 4.744932, "drinking"
0.000000, 4.744932, "driest"
0.000000, 4.744932, "dried"
0.000000, 4.744932, "dressed"
0.000000, 4.744932, "dreamy"
0.000000, 4.744932, "dreaming"
0.000000, 4.744932, "dreamed"
0.000000, 4.744932, "drawlingthe"
0.000000, 4.744932, "drawlingmaster"
0.000000, 4.744932, "drawling"
0.000000, 4.744932, "drawing"
0.000000, 4.744932, "draggled"
0.000000, 4.744932, "dozing"
0.000000, 4.744932, "doze"
0.000000, 4.744932, "downwards"
0.000000, 4.744932, "downward"
0.000000, 4.744932, "downloading"
0.000000, 4.744932, "downhere"
0.000000, 4.744932, "doubling"
0.000000, 4.744932, "doubledup"
0.000000, 4.744932, "double"
0.000000, 4.744932, "dormouses"
0.000000, 4.744932, "doorway"
0.000000, 4.744932, "doori"
0.000000, 4.744932, "donors"
0.000000, 4.744932, "donation"
0.000000, 4.744932, "dodged"
0.000000, 4.744932, "dive"
0.000000, 4.744932, "distributor"
0.000000, 4.744932, "distraction"
0.000000, 4.744932, "distancebut"
0.000000, 4.744932, "displayed"
0.000000, 4.744932, "display"
0.000000, 4.744932, "disobey"
0.000000, 4.744932, "dismay"
0.000000, 4.744932, "disk"
0.000000, 4.744932, "disgust"
0.000000, 4.744932, "discovered"
0.000000, 4.744932, "discover"
0.000000, 4.744932, "discontinue"
0.000000, 4.744932, "disclaimers"
0.000000, 4.744932, "disclaim"
0.000000, 4.744932, "disappointment"
0.000000, 4.744932, "disagree"
0.000000, 4.744932, "director"
0.000000, 4.744932, "direct"
0.000000, 4.744932, "dinahs"
0.000000, 4.744932, "diligently"
0.000000, 4.744932, "dig"
0.000000, 4.744932, "difficulties"
0.000000, 4.744932, "died"
0.000000, 4.744932, "die"
0.000000, 4.744932, "diamonds"
0.000000, 4.744932, "determine"
0.000000, 4.744932, "detach"
0.000000, 4.744932, "despite"
0.000000, 4.744932, "desperately"
0.000000, 4.744932, "desperate"
0.000000, 4.744932, "despair"
0.000000, 4.744932, "deserved"
0.000000, 4.744932, "described"
0.000000, 4.744932, "derived"
0.000000, 4.744932, "derive"
0.000000, 4.744932, "derision"
0.000000, 4.744932, "denying"
0.000000, 4.744932, "denies"
0.000000, 4.744932, "denial"
0.000000, 4.744932, "demand"
0.000000, 4.744932, "deletions"
0.000000, 4.744932, "delay"
0.000000, 4.744932, "defects"
0.000000, 4.744932, "deepest"
0.000000, 4.744932, "deductible"
0.000000, 4.744932, "declared"
0.000000, 4.744932, "death"
0.000000, 4.744932, "dayschool"
0.000000, 4.744932, "daughter"
0.000000, 4.744932, "dates"
0.000000, 4.744932, "data"
0.000000, 4.744932, "darkness"
0.000000, 4.744932, "daresay"
0.000000, 4.744932, "damaged"
0.000000, 4.744932, "daisychain"
0.000000, 4.744932, "daisies"
0.000000, 4.744932, "dainties"
0.000000, 4.744932, "d"
0.000000, 4.744932, "cutting"
0.000000, 4.744932, "custard"
0.000000, 4.744932, "curving"
0.000000, 4.744932, "curtseying"
0.000000, 4.744932, "curtsey"
0.000000, 4.744932, "curtain"
0.000000, 4.744932, "current"
0.000000, 4.744932, "currants"
0.000000, 4.744932, "curly"
0.000000, 4.744932, "curls"
0.000000, 4.744932, "cur"
0.000000, 4.744932, "cunning"
0.000000, 4.744932, "cucumberframes"
0.000000, 4.744932, "cucumberframe"
0.000000, 4.744932, "crouched"
0.000000, 4.744932, "crossly"
0.000000, 4.744932, "cross"
0.000000, 4.744932, "croqueting"
0.000000, 4.744932, "croqueted"
0.000000, 4.744932, "crocodile"
0.000000, 4.744932, "critical"
0.000000, 4.744932, "cries"
0.000000, 4.744932, "crept"
0.000000, 4.744932, "creep"
0.000000, 4.744932, "credit"
0.000000, 4.744932, "creation"
0.000000, 4.744932, "crazy"
0.000000, 4.744932, "crawling"
0.000000, 4.744932, "crawled"
0.000000, 4.744932, "crashnow"
0.000000, 4.744932, "crashed"
0.000000, 4.744932, "coward"
0.000000, 4.744932, "coursei"
0.000000, 4.744932, "couples"
0.000000, 4.744932, "couple"
0.000000, 4.744932, "countries"
0.000000, 4.744932, "counting"
0.000000, 4.744932, "corrupt"
0.000000, 4.744932, "corporation"
0.000000, 4.744932, "corners"
0.000000, 4.744932, "cornerno"
0.000000, 4.744932, "convert"
0.000000, 4.744932, "conversations"
0.000000, 4.744932, "contradicted"
0.000000, 4.744932, "contract"
0.000000, 4.744932, "content"
0.000000, 4.744932, "contemptuous"
0.000000, 4.744932, "contempt"
0.000000, 4.744932, "containing"
0.000000, 4.744932, "consultation"
0.000000, 4.744932, "consequential"
0.000000, 4.744932, "consented"
0.000000, 4.744932, "conquest"
0.000000, 4.744932, "congereel"
0.000000, 4.744932, "confirmed"
0.000000, 4.744932, "confirmation"
0.000000, 4.744932, "conduct"
0.000000, 4.744932, "condemn"
0.000000, 4.744932, "compressed"
0.000000, 4.744932, "completely"
0.000000, 4.744932, "complaining"
0.000000, 4.744932, "complained"
0.000000, 4.744932, "compilation"
0.000000, 4.744932, "company"
0.000000, 4.744932, "commotion"
0.000000, 4.744932, "common"
0.000000, 4.744932, "committed"
0.000000, 4.744932, "commercial"
0.000000, 4.744932, "comfortably"
0.000000, 4.744932, "comfortable"
0.000000, 4.744932, "comfort"
0.000000, 4.744932, "collar"
0.000000, 4.744932, "cold"
0.000000, 4.744932, "coils"
0.000000, 4.744932, "codes"
0.000000, 4.744932, "coast"
0.000000, 4.744932, "clubs"
0.000000, 4.744932, "closer"
0.000000, 4.744932, "closely"
0.000000, 4.744932, "clinging"
0.000000, 4.744932, "climb"
0.000000, 4.744932, "clearer"
0.000000, 4.744932, "cleared"
0.000000, 4.744932, "clean"
0.000000, 4.744932, "classics"
0.000000, 4.744932, "clasped"
0.000000, 4.744932, "clapping"
0.000000, 4.744932, "clamour"
0.000000, 4.744932, "claim"
0.000000, 4.744932, "city"
0.000000, 4.744932, "circumstances"
0.000000, 4.744932, "circle"
0.000000, 4.744932, "chuckled"
0.000000, 4.744932, "chrysalisyou"
0.000000, 4.744932, "christmas"
0.000000, 4.744932, "chop"
0.000000, 4.744932, "choosing"
0.000000, 4.744932, "choose"
0.000000, 4.744932, "choking"
0.000000, 4.744932, "choke"
0.000000, 4.744932, "chimneys"
0.000000, 4.744932, "chimneynay"
0.000000, 4.744932, "childlife"
0.000000, 4.744932, "childhood"
0.000000, 4.744932, "cherrytart"
0.000000, 4.744932, "cheerfully"
0.000000, 4.744932, "cheeks"
0.000000, 4.744932, "checks"
0.000000, 4.744932, "cheated"
0.000000, 4.744932, "cheap"
0.000000, 4.744932, "chatte"
0.000000, 4.744932, "charities"
0.000000, 4.744932, "charitable"
0.000000, 4.744932, "character"
0.000000, 4.744932, "chanced"
0.000000, 4.744932, "chains"
0.000000, 4.744932, "centre"
0.000000, 4.744932, "ceiling"
0.000000, 4.744932, "cease"
0.000000, 4.744932, "cattle"
0.000000, 4.744932, "caterpillars"
0.000000, 4.744932, "cartwheels"
0.000000, 4.744932, "carthorse"
0.000000, 4.744932, "carrier"
0.000000, 4.744932, "cardboard"
0.000000, 4.744932, "card"
0.000000, 4.744932, "capering"
0.000000, 4.744932, "canvas"
0.000000, 4.744932, "canterbury"
0.000000, 4.744932, "canbut"
0.000000, 4.744932, "canary"
0.000000, 4.744932, "camomile"
0.000000, 4.744932, "calmly"
0.000000, 4.744932, "calling"
0.000000, 4.744932, "calculated"
0.000000, 4.744932, "calculate"
0.000000, 4.744932, "cackled"
0.000000, 4.744932, "c"
0.000000, 4.744932, "bythebye"
0.000000, 4.744932, "bythe"
0.000000, 4.744932, "buttons"
0.000000, 4.744932, "butterfly"
0.000000, 4.744932, "buttered"
0.000000, 4.744932, "buttercup"
0.000000, 4.744932, "businesspglaforg"
0.000000, 4.744932, "bursting"
0.000000, 4.744932, "burst"
0.000000, 4.744932, "burnt"
0.000000, 4.744932, "burning"
0.000000, 4.744932, "brushing"
0.000000, 4.744932, "brush"
0.000000, 4.744932, "brothers"
0.000000, 4.744932, "bristling"
0.000000, 4.744932, "brighteyed"
0.000000, 4.744932, "breeze"
0.000000, 4.744932, "breadknife"
0.000000, 4.744932, "brave"
0.000000, 4.744932, "brass"
0.000000, 4.744932, "branch"
0.000000, 4.744932, "brain"
0.000000, 4.744932, "boyand"
0.000000, 4.744932, "boxed"
0.000000, 4.744932, "bowing"
0.000000, 4.744932, "bough"
0.000000, 4.744932, "bother"
0.000000, 4.744932, "bore"
0.000000, 4.744932, "boon"
0.000000, 4.744932, "bookshelves"
0.000000, 4.744932, "books"
0.000000, 4.744932, "bones"
0.000000, 4.744932, "bone"
0.000000, 4.744932, "boldly"
0.000000, 4.744932, "blows"
0.000000, 4.744932, "blown"
0.000000, 4.744932, "bleeds"
0.000000, 4.744932, "blame"
0.000000, 4.744932, "blades"
0.000000, 4.744932, "blacking"
0.000000, 4.744932, "bitterandand"
0.000000, 4.744932, "birthday"
0.000000, 4.744932, "binary"
0.000000, 4.744932, "beor"
0.000000, 4.744932, "bent"
0.000000, 4.744932, "belt"
0.000000, 4.744932, "beloved"
0.000000, 4.744932, "belong"
0.000000, 4.744932, "believed"
0.000000, 4.744932, "beheading"
0.000000, 4.744932, "behead"
0.000000, 4.744932, "begged"
0.000000, 4.744932, "bee"
0.000000, 4.744932, "beds"
0.000000, 4.744932, "bed"
0.000000, 4.744932, "becoming"
0.000000, 4.744932, "beautify"
0.000000, 4.744932, "beast"
0.000000, 4.744932, "bearmind"
0.000000, 4.744932, "bear"
0.000000, 4.744932, "beak"
0.000000, 4.744932, "bawled"
0.000000, 4.744932, "bathing"
0.000000, 4.744932, "barleysugar"
0.000000, 4.744932, "barking"
0.000000, 4.744932, "banquet"
0.000000, 4.744932, "bankthe"
0.000000, 4.744932, "banks"
0.000000, 4.744932, "balls"
0.000000, 4.744932, "balanced"
0.000000, 4.744932, "baked"
0.000000, 4.744932, "bag"
0.000000, 4.744932, "backsomersault"
0.000000, 4.744932, "backs"
0.000000, 4.744932, "babythe"
0.000000, 4.744932, "axis"
0.000000, 4.744932, "axes"
0.000000, 4.744932, "awfully"
0.000000, 4.744932, "awayyou"
0.000000, 4.744932, "avoid"
0.000000, 4.744932, "australia"
0.000000, 4.744932, "audibly"
0.000000, 4.744932, "attends"
0.000000, 4.744932, "attended"
0.000000, 4.744932, "attempts"
0.000000, 4.744932, "attempted"
0.000000, 4.744932, "attempt"
0.000000, 4.744932, "attached"
0.000000, 4.744932, "atheling"
0.000000, 4.744932, "ate"
0.000000, 4.744932, "assistance"
0.000000, 4.744932, "askance"
0.000000, 4.744932, "asis"
0.000000, 4.744932, "arrum"
0.000000, 4.744932, "arrow"
0.000000, 4.744932, "arrived"
0.000000, 4.744932, "array"
0.000000, 4.744932, "arranged"
0.000000, 4.744932, "arminarm"
0.000000, 4.744932, "armchair"
0.000000, 4.744932, "arithmeticambition"
0.000000, 4.744932, "arise"
0.000000, 4.744932, "arguments"
0.000000, 4.744932, "argued"
0.000000, 4.744932, "argue"
0.000000, 4.744932, "arch"
0.000000, 4.744932, "approach"
0.000000, 4.744932, "apply"
0.000000, 4.744932, "applause"
0.000000, 4.744932, "appears"
0.000000, 4.744932, "appearance"
0.000000, 4.744932, "appealed"
0.000000, 4.744932, "apiece"
0.000000, 4.744932, "antipathies"
0.000000, 4.744932, "answers"
0.000000, 4.744932, "annoyed"
0.000000, 4.744932, "annoy"
0.000000, 4.744932, "animal"
0.000000, 4.744932, "ancient"
0.000000, 4.744932, "alternately"
0.000000, 4.744932, "alternate"
0.000000, 4.744932, "altered"
0.000000, 4.744932, "alteration"
0.000000, 4.744932, "alongcatch"
0.000000, 4.744932, "aliceand"
0.000000, 4.744932, "alarmed"
0.000000, 4.744932, "ak"
0.000000, 4.744932, "airs"
0.000000, 4.744932, "aim"
0.000000, 4.744932, "ahem"
0.000000, 4.744932, "agreed"
0.000000, 4.744932, "agony"
0.000000, 4.744932, "agent"
0.000000, 4.744932, "againbefore"
0.000000, 4.744932, "aftertime"
0.000000, 4.744932, "afore"
0.000000, 4.744932, "afford"
0.000000, 4.744932, "affectionately"
0.000000, 4.744932, "affair"
0.000000, 4.744932, "advise"
0.000000, 4.744932, "adventuresbeginning"
0.000000, 4.744932, "adoption"
0.000000, 4.744932, "adjourn"
0.000000, 4.744932, "addressing"
0.000000, 4.744932, "addresses"
0.000000, 4.744932, "address"
0.000000, 4.744932, "additions"
0.000000, 4.744932, "addition"
0.000000, 4.744932, "adding"
0.000000, 4.744932, "ada"
0.000000, 4.744932, "actually"
0.000000, 4.744932, "actual"
0.000000, 4.744932, "act"
0.000000, 4.744932, "ache"
0.000000, 4.744932, "accustomed"
0.000000, 4.744932, "accusation"
0.000000, 4.744932, "accounts"
0.000000, 4.744932, "accounting"
0.000000, 4.744932, "account"
0.000000, 4.744932, "accidentally"
0.000000, 4.744932, "accessible"
0.000000, 4.744932, "accessed"
0.000000, 4.744932, "accepting"
0.000000, 4.744932, "acceptance"
0.000000, 4.744932, "accept"
0.000000, 4.744932, "absence"
0.000000, 4.744932, "able"
0.000000, 4.744932, "99712"
0.000000, 4.744932, "84116"
0.000000, 4.744932, "809"
0.000000, 4.744932, "801"
0.000000, 4.744932, "646221541"
0.000000, 4.744932, "60"
0.000000, 4.744932, "5961887"
0.000000, 4.744932, "5000"
0.000000, 4.744932, "50"
0.000000, 4.744932, "5"
0.000000, 4.744932, "4557"
0.000000, 4.744932, "2001"
0.000000, 4.744932, "20"
0.000000, 4.744932, "2"
0.000000, 4.744932, "1f6"
0.000000, 4.744932, "1f5"
0.000000, 4.744932, "1f4"
0.000000, 4.744932, "1f2"
0.000000, 4.744932, "1f1"
0.000000, 4.744932, "1f"
0.000000, 4.744932, "1e6"
0.000000, 4.744932, "1e5"
0.000000, 4.744932, "1e4"
0.000000, 4.744932, "1e3"
0.000000, 4.744932, "1e2"
0.000000, 4.744932, "1d"
0.000000, 4.744932, "1b"
0.000000, 4.744932, "1a"
0.000000, 4.744932, "1500"
0.000000, 4.744932, "11zip"
0.000000, 4.744932, "11txt"
